"","comp","id","y","id.y","fha_fp_ld_OPEX","fha_fp_rd_OPEX","fha_fp_t_OPEX","fha_fp_ld_cens","fha_fp_rd_cens","fha_fp_t_cens","fha_fp_ld_rab.sf","fha_fp_rd_rab.sf","fha_fp_t_rab.sf","fha_fp_ld_dep.sf","fha_fp_rd_dep.sf","fha_fp_t_dep.sf","fha_fp_ld_391","fha_fp_rd_391","fha_fp_t_391","fha_fp_ld_cga","fha_fp_rd_cga","fha_ld_nl","fha_rd_nl","fha_fp_ld_gci.cost","ap.t_2","ld_sum.cost","rd_sum.cost","t_sum.cost","lrt_sum.cost","ld_cost.RC","rd_cost.RC","t_cost.RC","lrt_cost.RC","lrt_cost.RC.ex.nlR.og.cgaR","ld_cn.cal.RAB","rd_cn.cal.RAB","ld_cn.pre.recal","rd_cn.pre.recal","t_cn.pre.recal","lrt_cn.pre.recal","lrt_RC.pre.recal","lrt_EBIT.pre.recal","lrt_RET.pre.recal"
"1","ALTA KRAFTLAG SA",7,2015,72015,40645.4256275885,3011.96520221954,0,1389.71883049188,0,0,201024.233408883,16211.2800007301,0,13510.3315019532,1758.81571047977,0,1047.21145226024,0.455303430079156,0,0,0,21401.8,5844,0,0.20282,64546.8284927417,6694.48403593075,0,71241.3125286725,78238.9657709157,7798.66469843541,0,86037.6304693511,84362,80294.5807880202,6873.66829416666,80294.5807880202,8549.55217416666,0,88844.1329621868,87721.5319650526,16480.2194363801,0.0758633760093611
"2","ANDùY ENERGI AS",9,2015,92015,15165.126570162,2669.88523990561,0,1144.81909106967,1418.25692455278,0,58273.2569353109,53041.8938918692,0,4743.81068989813,2616.36541016615,0,28.6645551425329,0,0,0,0,4868,3245.2,0,0.20282,23536.2200912695,7989.38697631978,0,31525.6070675893,27505.3208313861,11602.1697754194,0,39107.4906068056,38177,25961.5626201563,12514.5913225829,25961.5626201563,13445.2173265829,0,39406.7799467392,39287.0642107658,7761.4571431765,0.0697250741296338
"3","ARENDALS FOSSEKOMPANI ASA",10,2015,102015,198.324138001038,633.828006075196,0,0,0,0,105.194301089854,5329.28491045724,0,54.5953696368776,669.160514237279,0,0,0,0,0,0,664.2,4679,0,0.19822,456.382073254971,2713.19249948899,0,3169.57457274396,463.547054247457,3076.18008238434,0,3539.7271366318,2198,463.547054247457,1734.38325238434,463.547054247457,3076.18008238434,0,3539.7271366318,3539.7271366318,370.152563887839,0.0681118741058655
"4","ASKùY NETT AS",14,2015,142015,13774.9250205822,6135.15602200527,0,2070.20344367334,0,0,128713.809573944,29171.4640473581,0,8840.16103601445,1565.10317257572,0,158.911897494518,0,0,0,0,12854.2,3122.4,0,0.19777,29660.7030067703,8990.78288181642,0,38651.4858885867,38427.6418001571,10977.7059684939,0,49405.3477686509,48510,45715.132726521,7490.29504430363,45715.132726521,8385.70569230363,0,54100.8384188246,52222.6421587552,13571.1562701685,0.0859558080300747
"5","AUSTEVOLL KRAFTLAG SA",16,2015,162015,19051.6295223589,0,0,1021.15011545755,0,0,58782.7502392078,0,0,4273.14395294303,0,0,446.55479430712,0,0,0,0,8061.2,0,0,0.19777,27908.1884273976,0,0,27908.1884273976,31911.9917112871,0,0,31911.9917112871,31912,24663.1050824005,0,24663.1050824005,0,0,24663.1050824005,27562.6597339551,-345.528693442513,-0.00587806273160807
"6","BALLANGEN ENERGI AS",18,2015,182015,11520.9607856258,677.057492786462,0,413.097658170605,0,0,55103.8633448352,1213.51236209185,0,4276.50780281032,145.769231078854,0,171.333967513062,0,0,0,0,3729.8,100.6,204.837642587055,0.20282,18117.2941939761,893.814139833799,0,19011.1083338099,21870.5215968664,976.468741066511,0,22846.9903379329,22818,22974.2192907161,947.619679066511,23190.1925991377,976.468741066511,0,24166.6613402042,23638.7929392957,4627.68460548573,0.0821715242835174
"7","BINDAL KRAFTLAG SA",22,2015,222015,7225.50835208803,0,0,504.035374949017,0,0,26717.5823059586,0,0,1412.57224785311,0,0,0,0,0,0,0,1606.2,0,0,0.20282,10072.0468923563,0,0,10072.0468923563,11891.8314947929,0,0,11891.8314947929,11892,10667.4228856636,0,10667.4228856636,0,0,10667.4228856636,11157.1863293153,1085.13943695896,0.0406151808398077
"8","NORGESNETT AS",32,2015,322015,55548.0362006751,0,0,3287.69965254593,0,0,464131.579094894,0,0,34725.3745301457,0,0,34.2854709965828,0,0,0,0,53222.8,0,8654.3474088263,0.19874,113697.348922008,0,0,113697.348922008,145310.220605876,0,0,145310.220605876,145310,136602.366476647,0,145727.193429873,0,0,145727.193429873,145560.404300274,31863.055378266,0.0686509102448972
"9","DRANGEDAL EVERK KF",35,2015,352015,12932.7292414417,0,0,523.624692391646,0,0,59152.7694704845,3172.553316111,0,3732.66666415022,338.937101046479,0,128.210626934181,0,0,0,0,4925.2,0,513.653783949264,0.19822,19486.3380898232,357.362866196359,0,19843.7009560195,23515.3440770101,573.451418257458,0,24088.7954952676,24089,23695.877114058,0,24237.4548519273,0,0,24237.4548519273,24177.9911092634,4334.29015324384,0.0695430037014751
"10","AS EIDEFOSS",37,2015,372015,35529.5789834945,5509.88533793942,0,2633.13045982198,430.726926263969,0,176307.420225943,36823.7684176146,0,13491.6987257053,3397.69496327006,0,0,0,0,0,0,17544,10483.2,0,0.19874,59357.5226742937,12831.132281747,0,72188.6549560407,71366.151484653,15339.2681603112,0,86705.4196449642,83699,81348.2872741238,14038.6346595161,81348.2872741238,17044.9019235161,0,98393.1891976399,93718.0813765696,21529.4264205289,0.101014903344507
"11","ETNE ELEKTRISITETSLAG SA",41,2015,412015,8895.24651320823,97.8379090797493,0,387.581161815469,0,0,27440.5183190765,212.540857950348,0,1994.6983415401,15.7760832466347,0,0,0,0,0,0,3204.4,130.8,583.319378128617,0.19822,12775.4653691168,156.925207004533,0,12932.3905761214,14644.4904982655,171.4017631636,0,14815.8922614291,14778,12677.0705645091,133.8922471636,13292.1011534659,171.4017631636,0,13463.5029166295,14004.4586545493,1072.06807842796,0.0387685164077105
"12","ISE NETT AS",42,2015,422015,34163.1051569476,0,0,1358.97918504967,0,0,128474.348627764,0,0,8431.40928600944,0,0,225.691665950337,0,0,0,0,11624,0,0,0.20282,49545.5159254078,0,0,49545.5159254078,58296.1445849751,0,0,58296.1445849751,58296,45997.7440065329,0,45997.7440065329,0,0,45997.7440065329,50917.1042379098,1371.58831250199,0.0106759701617633
"13","FINNèS KRAFTLAG SA",43,2015,432015,22054.6428370469,0,0,1382.42766289478,0,0,169193.473709799,0,0,9375.62687238133,0,0,2.8,0,0,0,0,8971,0,273.463451778657,0.19777,37084.6457369201,0,0,37084.6457369201,48608.730317776,0,0,48608.730317776,48609,45211.9952776662,0,45500.3251259651,0,0,45500.3251259651,46743.6872026895,9659.04146576931,0.0570887354812309
"14","FITJAR KRAFTLAG SA",45,2015,452015,15378.1767237689,0,0,749.462559343001,0,0,41134.5456762171,0,0,2598.28630830821,0,0,59.9817344156535,0,0,0,0,4101,0,371.115070161861,0.19777,20861.0719713785,0,0,20861.0719713785,23662.822967879,0,0,23662.822967879,23663,21638.4083830408,0,22029.6985213946,0,0,22029.6985213946,22682.9482999884,1821.87632860984,0.0442906636905728
"15","FJELBERG KRAFTLAG SA",46,2015,462015,9256.67413515507,0,0,596.002596248939,0,0,29113.1848550338,0,0,2022.52627139028,0,0,9.02501149820542,0,0,0,0,2133.4,0,0,0.19777,13097.1190738987,0,0,13097.1190738987,15080.0726555656,0,0,15080.0726555656,15080,13306.2731860816,0,13306.2731860816,0,0,13306.2731860816,14015.7929738752,918.673899976444,0.0315552525273648
"16","FORSAND ELVERK KOMMUNALT FùRETAK I FORSAND",52,2015,522015,6957.18416636954,0,0,462.247036617899,0,0,31136.7032354887,0,0,1963.25777693987,0,0,148.877975327611,0,0,0,0,2043,0,764.241965997386,0.19822,10451.9871370885,0,0,10451.9871370885,12572.7663479358,0,0,12572.7663479358,12573,10090.3331192657,0,10896.121858808,0,0,10896.121858808,11566.7796544591,1114.79251737061,0.0358031648032668
"17","FOSEN NETT AS",53,2015,532015,31968.6877384555,0,0,2497.07463035723,0,0,208292.725079735,0,0,14406.9905774123,0,0,135.802448784085,0,0,0,0,7618.4,0,0,0.20999,53591.9219966552,0,0,53591.9219966552,67779.1298644538,0,0,67779.1298644538,67779,66244.8573216128,0,66244.8573216128,0,0,66244.8573216128,66858.5663387492,13266.644342094,0.0636923077222956
"18","FUSA KRAFTLAG SA",55,2015,552015,17691.537056382,0,0,339.960401000713,0,0,80419.4361681132,0,0,4621.22983229506,0,0,0,0,0,0,0,5733.2,0,376.40216556606,0.19777,25460.5531634691,0,0,25460.5531634691,30938.0716754163,0,0,30938.0716754163,30938,25401.0080026793,0,25797.8726607941,0,0,25797.8726607941,27853.952266643,2393.39910317386,0.0297614509279892
"19","SUNNFJORD ENERGI AS",56,2015,562015,63568.4771988187,12165.8595105376,952.702650373541,4649.64820954221,1396.73123586287,0,315954.722934317,109275.509651765,9783.26062124832,21341.7578300446,6087.28713186154,406.187090251292,0,0,0,0,0,25088.4,9234.2,0,0.19777,101379.779551716,23319.605096524,1429.11450616786,126128.499154408,122900.047863372,30762.5648527793,2095.4707219472,155758.083438098,153110,122768.909241814,24137.4778890593,122768.909241814,26785.5694230593,2095.4707219472,151649.949386821,153293.203007332,27164.703852924,0.062445658070604
"20","HADELAND ENERGINETT AS",62,2015,622015,46478.7555098743,2954.35292016037,0,3030.9060262974,0,0,229356.889584948,37143.3064359917,0,13083.3219735685,2408.90604626153,0,720.385714050276,0,0,0,0,20938.2,3057.6,0,0.19874,71822.1727894549,6520.33593720548,0,78342.5087266604,87444.1003781778,9050.23614904933,0,96494.3365272271,95618,93716.7644000376,8555.2819740447,93716.7644000376,9432.1099260447,0,103148.874326082,100487.05920654,22144.5504798798,0.0830939369295617
"21","TROLLFJORD KRAFT AS",63,2015,632015,21766.8953955744,4512.68742578121,0,1790.77793290431,5105.06443327772,0,90484.2958436327,57200.4755342647,0,6777.22295141831,2558.2566008081,0,161.2,0,0,0,0,7922.4,2836.6,161.10917690962,0.20282,34172.5381278407,13634.1045476523,0,47806.6426754929,40335.5930949001,17530.1361360378,0,57865.7292309378,57052,41405.130063728,10236.4057252501,41574.9976794395,11049.8575072501,0,52624.8551866896,54721.2048043889,6914.56212889597,0.0468197368244754
"22","HAMMERFEST ENERGI NETT AS",65,2015,652015,31691.3093052587,7257.84792844996,0,3024.46900139382,574.658509619814,0,122207.686638795,68157.7125935356,0,8347.3016768474,2926.12449484315,0,984.499472678565,10.6367498262354,0,0,0,15234.8,3925.8,0,0.20282,49651.6330474992,12441.5088852962,0,62093.1419327954,57975.4276146099,17083.8584248108,0,75059.2860394207,73933,51673.0417317648,18193.2487252634,51673.0417317648,19319.0503912634,0,70992.0921230283,72618.9696895852,10525.8277567899,0.0552927569780875
"23","HELGELAND KRAFT AS",71,2015,712015,203591.339542487,43626.2523393816,0,20841.4936526559,6423.09825521365,0,824920.799232819,381619.971188639,0,58273.2945996951,23377.7263333504,0,5214.1280053351,240.960881944389,0,0,206.645915153061,85829.8,62027,0,0.20282,321908.597812025,95256.2934027899,0,417164.891214815,378095.499436681,121249.144836675,0,499344.644273355,481351,306852.690068552,85090.1641082466,306852.690068552,103094.735281991,0,409947.425350543,445706.312919668,28541.4217048532,0.0236555799891316
"24","HEMNE KRAFTLAG SA",72,2015,722015,18985.6205426075,0,0,1153.42812939051,0,0,59695.1016256,0,0,5858.43983301432,0,0,36.4,0,0,0,0,3927,0,0,0.20999,28464.2262819546,0,0,28464.2262819546,32530.1715286143,0,0,32530.1715286143,32530,28621.6019104704,0,28621.6019104704,0,0,28621.6019104704,30185.029757728,1720.8034757734,0.028826544036495
"25","HURUM ENERGIVERK AS",82,2015,822015,14929.2435443446,0,0,1100.90734639243,0,0,93411.8808616733,0,0,6471.73674980982,0,0,97.6608390636282,0,0,0,0,10778.4,0,0,0.19874,26758.9055806905,0,0,26758.9055806905,33121.3638499329,0,0,33121.3638499329,33121,32732.6030109784,0,32732.6030109784,0,0,32732.6030109784,32888.1073465602,6129.2017658697,0.0656147987743228
"26","HùLAND OG SETSKOG ELVERK SA",84,2015,842015,17264.9631759348,0,0,607.474255173817,0,0,83970.1928609256,0,0,5526.12938689804,0,0,322.314431514862,0,0,0,0,11405,0,0,0.19874,27875.0750080751,0,0,27875.0750080751,33594.4422128637,0,0,33594.4422128637,33594,28403.7264802832,0,28403.7264802832,0,0,28403.7264802832,30480.0127733154,2604.93776524032,0.0310221719932775
"27","ISTAD NETT AS",86,2015,862015,63274.1399823945,7477.85189265695,0,5315.44482419938,89.4036621599215,0,403610.594322974,84637.6908415888,0,25420.8001518417,5966.66567062332,0,81.6,0,0,0,448.687416888546,31870.2,12126,0,0.20999,108018.169736015,18189.7630212636,0,126207.932757279,135508.843724335,23954.594764477,0,159463.438488812,155537,138559.845353208,22792.6749426557,138559.845353208,26741.4089671385,0,165301.254320347,162966.127987733,36758.1952304539,0.0752858665301091
"28","JíREN EVERK KOMMUNALT FORETAK I Hè",88,2015,882015,22358.3522324527,673.503311090044,0,1379.89025062154,0,0,116745.679972558,27412.4756186755,0,7293.55923651897,1494.64461411196,0,6.84061381074169,0,0,0,0,7327,1356,1060.58068750658,0.19822,34734.3214274159,2672.29621514579,0,37406.6176425617,42686.0884841105,4539.41130341513,0,47225.4997875256,46837,40071.6157013325,4150.55118341513,41189.8531357994,4539.41130341513,0,45729.2644392145,46327.7585785389,8921.14093597721,0.0618843998065115
"29","KLEPP ENERGI AS",91,2015,912015,16230.5520134468,0,0,407.525636298507,0,0,129113.810217241,0,0,8912.56719628469,0,0,0,0,0,0,0,11668.8,0,4824.60234316717,0.19822,30223.7592206307,0,0,30223.7592206307,39017.942807476,0,0,39017.942807476,39018,33337.3485111965,0,38424.2325268105,0,0,38424.2325268105,38661.7166390767,8437.95741844598,0.0653528650749961
"30","KRAGERù ENERGI AS",93,2015,932015,32318.0464560745,3991.39167794559,0,1203.95295954297,103.626484018265,0,107499.964491243,22063.7998707326,0,7659.58772498525,1845.56214855124,0,233.014303388997,0,0,0,0,9270.2,921.4,0,0.19822,45954.9870128585,6512.47224948407,0,52467.4592623425,53277.011060671,8015.27900857643,0,61292.2900692475,61028,45123.7053146055,7470.82642231966,45123.7053146055,7735.05630031966,0,52858.7616149251,56232.1729966541,3764.71373431152,0.0290568412615247
"31","KRùDSHERAD EVERK KF",95,2015,952015,6787.32956820574,0,0,691.319040079128,0,0,25801.4322998804,0,0,1909.84025900636,0,0,0,0,0,0,0,4186.8,0,0,0.19874,11073.5304338106,0,0,11073.5304338106,12830.914342371,0,0,12830.914342371,12831,14687.5810562298,0,14687.5810562298,0,0,14687.5810562298,13944.9143706863,2871.38393687574,0.111287772845426
"32","KVAM KRAFTVERK AS",96,2015,962015,25497.3855193535,0,0,740.218205762562,0,0,116994.884394816,0,0,7354.65573706511,0,0,8.04873991996707,0,0,0,0,8285.6,0,95.3054293523033,0.19777,37696.8488053188,0,0,37696.8488053188,45665.5896422488,0,0,45665.5896422488,45666,41289.1081397973,0,41389.5946940644,0,0,41389.5946940644,43099.9926733381,5403.14386801937,0.0461827360740464
"33","KVINNHERAD ENERGI AS",97,2015,972015,29801.3650652982,0,0,1249.46726654243,0,0,125746.922866161,0,0,8168.01391930731,0,0,95.4485029475843,0,0,0,0,8888,0,929.929069123373,0.19777,43785.5808723846,0,0,43785.5808723846,52350.4394518445,0,0,52350.4394518445,52350,43568.4855828195,0,44548.9687358151,0,0,44548.9687358151,47669.5570222269,3883.97614984231,0.0308872460758044
"34","KVíNANGEN KRAFTVERK AS",98,2015,982015,0,227.871266510508,812.580417309156,0,0,0,0,13514.5325828279,5189.42964564157,0,705.801627228008,404.042191338534,0,0,0,0,0,0,0,0,0.20282,0,983.557705569228,1279.6499527179,2263.20765828713,0,1904.05784745042,1633.11173142309,3537.16957887351,3537,0,1904.05784745042,0,1904.05784745042,1633.11173142309,3537.16957887351,3537.16957887351,1273.96192058637,0.0681118741058656
"35","LIER NETT AS",102,2015,1022015,30159.7116483639,0,0,2794.64028255819,0,0,103365.874805846,0,0,9945.4401824542,0,0,184.6,0,0,0,0,26493.2,0,0,0.19874,52713.9060342381,0,0,52713.9060342381,59754.3494858566,0,0,59754.3494858566,59754,53538.0038339171,0,53538.0038339171,0,0,53538.0038339171,56024.5420946929,3310.63606045478,0.0320283272083094
"36","LUOSTEJOK KRAFTLAG SA",103,2015,1032015,27734.8803708319,687.255960721781,0,3320.85082949375,102.958739994274,0,79680.6522953899,40717.46538544,0,4826.28071136714,1567.66933430012,0,10.2959427207637,0,0,0,0,6794.8,952.4,0,0.20282,39674.9930965284,2756.55397269768,0,42431.5470692261,45102.1916543453,5529.8968489407,0,50632.088503286,50359,34425.5945835235,7142.76234085209,34425.5945835235,7415.88208885209,0,41841.4766723756,45357.7214047398,2926.17433551365,0.0243041535190011
"37","LUSTER ENERGIVERK AS",104,2015,1042015,14426.9108364857,0,0,1973.21370838239,0,0,43452.0300198837,0,0,3628.22274447605,0,0,131.792171837709,0,0,0,0,6788.8,0,143.651618383204,0.19874,23008.7216816858,0,0,23008.7216816858,25968.3208800444,0,0,25968.3208800444,25968,25323.5743873961,0,25475.0353927587,0,0,25475.0353927587,25672.349587673,2663.62790598716,0.0613004249690587
"38","LíRDAL ENERGI AS",106,2015,1062015,11862.8581955941,1882.84479756562,0,1015.52497290418,214.419734303713,0,20295.459489688,4972.96691799905,0,2120.41668518895,305.684780321522,0,24.2,0,0,0,0,4395.4,3603.6,34.312904595801,0.19777,17029.2166555528,3559.77439622009,0,20588.9910517729,18411.5784372352,3898.49249287148,0,22310.0709301066,21277,13956.8690903182,3221.46691020781,13993.0473602568,4254.87128220781,0,18247.9186424646,19872.7795575214,-716.211494251504,-0.028344127279474
"39","LùVENSKIOLD FOSSUM KRAFT",108,2015,1082015,1567.6375182054,0,0,7.04802644479928,0,0,14037.4658475551,0,0,654.184056455393,0,0,16.2068215521503,0,0,0,0,3494,0,0,0.19822,3346.00844816436,0,0,3346.00844816436,4302.12655473842,0,0,4302.12655473842,4302,4302.12655473842,0,4302.12655473842,0,0,4302.12655473842,4302.12655473842,956.118106574062,0.0681118741058655
"40","MELùY ENERGI AS",116,2015,1162015,23686.0228317014,-99.9196081944007,0,2245.79431666009,0,0,80435.4634043735,1126.82406004195,0,6128.88753984298,184.22752565411,0,43.8607159904535,0,0,0,0,8262,280,0,0.20282,36082.2037036528,169.569495414722,0,36251.7731990676,41560.8138606985,246.31959393176,0,41807.1334546302,41727,35088.3423379557,166.02399393176,35088.3423379557,246.31959393176,0,35334.6619318875,37923.6505409846,1671.87734191702,0.0204981664184743
"41","GAULDAL NETT AS",119,2015,1192015,18723.5146712507,0,0,1082.38037607336,0,0,75962.9610072033,0,0,5012.64193689289,0,0,0,0,0,0,0,7454.4,0,0,0.20999,28233.7393993937,0,0,28233.7393993937,33407.7190362251,0,0,33407.7190362251,33408,33911.867687646,0,33911.867687646,0,0,33911.867687646,33710.2082270776,5476.46882768395,0.0720939357164427
"42","MODALEN KRAFTLAG SA",121,2015,1212015,1363.98101951799,0,0,165.136971435309,0,0,12302.5911655675,0,0,740.047560692697,0,0,0,0,0,0,0,1490.4,0,0,0.19777,2814.70270152263,0,0,2814.70270152263,3652.6552421677,0,0,3652.6552421677,3653,3652.6552421677,0,3652.6552421677,0,0,3652.6552421677,3652.6552421677,837.95254064507,0.0681118741058655
"43","NORD-SALTEN KRAFT AS",132,2015,1322015,32952.4824114819,7401.39854434324,0,1748.23616743585,281.266041387766,0,77583.4953419989,92615.4267523854,0,6966.23802396538,5883.5318947482,0,133.027259531227,77.0136515513126,0,0,0,7274,16339.2,0,0.20282,45891.8624892482,18960.9440614361,0,64852.8065506843,51176.2197566754,25269.1543486556,0,76445.374105331,71760,55568.8254934795,24510.289822321,55568.8254934795,29195.882206321,0,84764.7076998004,81436.9742620127,16584.1677113284,0.0974399103546119
"44","YMBER AS",133,2015,1332015,38340.3779315764,5222.23294211082,0,2608.06672035212,2937.97892622552,0,138485.123813024,76329.6305258555,0,11979.7813241218,5805.79132439544,0,167.608492767951,0,0,0,0,12922.2,6376,0,0.20282,59364.4299301934,16533.6854543083,0,75898.1153845016,68796.9112488813,21732.6396392326,0,90529.5508881138,88701,71877.3155939358,23439.6930796156,71877.3155939358,25268.1385996156,0,97145.4541935513,94499.0928713763,18600.9774868747,0.0865907816440339
"45","NORD-ùSTERDAL KRAFTLAG SA",135,2015,1352015,44925.8131575316,0,0,2911.27399799063,0,0,174483.442735461,560.802603924681,0,12090.8626005625,79.5965840886706,0,0,0,0,0,0,15858.2,0,68.625809191602,0.19874,67561.4153269671,83.9237231378401,0,67645.339050105,79445.8096121229,122.1210394946,0,79567.9306516175,79568,76868.8467372555,122.1210394946,76941.2032771328,122.1210394946,0,77063.3243166274,78065.1668506234,10419.8278005184,0.0595268229487687
"46","NORDKYN KRAFTLAG SA",138,2015,1382015,15242.0419324187,986.4674847359,0,819.195306850913,916.929909534582,0,24271.7938953656,24657.3882735484,0,2212.60125274339,1547.46075569168,0,6.08616676035617,0,0,0,0,5844.4,10741,0,0.20282,20884.8841362265,6714.87662422267,0,27599.7607604492,22538.0815063512,8394.33755009005,0,30932.4190564412,27852,17923.3377546155,6456.24228473819,17923.3377546155,9536.43885473819,0,27459.7766093537,28848.8335881887,1249.07282773952,0.0255281770994548
"47","ODDA ENERGI AS",146,2015,1462015,17426.0748159174,9257.64773957176,486.82704973145,638.07626647077,382.71915687865,206.678986587183,114616.55256773,61025.1477680128,10923.6708723986,6410.21193276594,2370.11421037507,216.096773579851,314.823920489754,0,0,0,0,7644.8,15671.8,2224.10008880056,0.19822,27930.4254702855,17122.1545912707,957.187230919799,46009.767292476,35737.173669227,21278.6917733375,1701.21892615452,58717.084368719,54223,36424.9421732011,18908.9636929798,38769.9518519508,23403.1657789798,1701.21892615452,63874.336557085,61811.4356817386,15801.6683892626,0.0846977565393607
"48","EVENES KRAFTFORSYNING AS",147,2015,1472015,8298.56448602175,509.578534021952,0,323.479895076618,0,0,19110.0393607325,1137.67827486427,0,1612.72215172907,161.181187863363,0,24.5779694373889,0,0,0,0,1724.4,281.6,0,0.20282,11253.8837876491,786.027114867441,0,12039.9109025166,12555.5043827455,863.516514297974,0,13419.0208970435,13338,9659.09803098666,782.762082297975,9659.09803098666,863.516514297974,0,10522.6145452846,11681.1770859882,-358.733816528415,-0.0177172470983959
"49","OPPDAL EVERK AS",149,2015,1492015,17457.3806757358,0,0,791.782861106562,0,0,93710.5319600744,0,0,6326.84129745585,0,0,154.033492082927,0,0,0,0,5486.4,0,0,0.20999,27418.5086052944,0,0,27418.5086052944,33801.3085605527,0,0,33801.3085605527,33801,32515.7255384892,0,32515.7255384892,0,0,32515.7255384892,33029.9587473146,5611.45014202014,0.059880677493229
"50","OPPLANDSKRAFT DA",152,2015,1522015,0,1973.6390499373,0,0,0,0,0,14013.7280228351,0,0,667.709100982003,0,0,0,0,0,0,0,12183,0,0.20999,0,6271.10017599586,0,6271.10017599586,0,7225.60145484104,0,7225.60145484104,3732,0,3731.88254484104,0,7225.60145484104,0,7225.60145484104,7225.60145484104,954.501278845182,0.0681118741058656
"51","ORKDAL ENERGI AS",153,2015,1532015,15317.3637625511,0,0,853.174979292085,0,0,111404.782052414,0,0,8239.7129416426,0,0,1149.36211818113,0,0,0,0,8621.8,0,0,0.20999,28151.0799650538,0,0,28151.0799650538,35739.0684549992,0,0,35739.0684549992,35739,35371.7117037176,0,35371.7117037176,0,0,35371.7117037176,35518.6544042303,7367.57443917646,0.0661333768931944
"52","PORSA KRAFTLAG AS",156,2015,1562015,0,183.327032191352,0,0,2.50014903129657,0,0,1991.17199791241,0,0,260.986031925638,0,0,0,0,0,0,0,0,0,0.20282,0,470.401303570864,0,470.401303570864,0,606.023760015799,0,606.023760015799,606,0,606.023760015799,0,606.023760015799,0,606.023760015799,606.023760015799,135.622456444935,0.0681118741058655
"53","RAKKESTAD ENERGI AS",157,2015,1572015,13791.8718550758,0,0,621.985756470745,0,0,67402.8889230233,0,0,5086.31443516535,0,0,54.5667019608806,0,0,0,0,8400.6,0,1163.51940129398,0.19874,22916.4812799285,0,0,22916.4812799285,27507.4183646251,0,0,27507.4183646251,27507,25325.078261445,0,26551.8505057278,0,0,26551.8505057278,26934.0776492867,4017.59636935818,0.0596056998973208
"54","RAULAND KRAFTFORSYNINGSLAG SA",161,2015,1612015,15970.1403810644,956.011895154924,0,617.985229111694,0,0,31262.1525911542,9135.1115944883,0,2951.3436635713,498.774808097271,0,9.80939199209095,0,0,0,0,7421.6,742.2,0,0.19822,22668.8237410164,1743.05277029273,0,24411.8765113092,24798.1475425835,2365.26234115955,0,27163.409883743,26951,21376.2809477771,2152.42164715955,21376.2809477771,2365.26234115955,0,23741.5432889367,25110.2899268592,698.413415550036,0.0172886315355548
"55","RAUMA ENERGI AS",162,2015,1622015,24930.1664235199,235.0500442766,0,1591.52604652064,0,0,87620.9414017344,4755.85823156181,0,6042.1285956884,182.105036059609,0,0,0,0,0,0,13617.2,173.2,0,0.20999,38143.6165360363,488.601307577983,0,38632.2178436143,44111.6430658287,812.531724711465,0,44924.1747905401,44875,38515.1446479176,762.863160711465,38515.1446479176,812.531724711465,0,39327.6763726291,41566.2757397935,2934.05789617918,0.0317618482976935
"56","KVIKNE-RENNEBU KRAFTLAG SA",163,2015,1632015,16328.8066483517,0,0,310.283910927913,0,0,77367.7963478223,0,0,4589.90089855945,0,0,0,0,0,0,0,5319.6,0,19.7559147672794,0.20999,23846.0297415785,0,0,23846.0297415785,29115.6953462697,0,0,29115.6953462697,29116,26822.5477107901,0,26843.3776237851,0,0,26843.3776237851,27752.3047127789,3906.27497120039,0.050489676009886
"57","REPVèG KRAFTLAG SA",164,2015,1642015,33816.9581546358,3373.60297528126,0,1773.09212735934,1606.71197582503,0,125651.435429133,42694.5173750566,0,7959.99505487861,2408.18118315513,0,261.988983298891,1.4,0,0,0,7852.4,6795.2,0,0.20282,48039.8789130913,9725.89756374782,0,57765.7764768391,56598.2336642617,12633.9011562084,0,69232.1348204701,67283,46292.3463605058,12662.801621432,46292.3463605058,14611.461125432,0,60903.8074859378,64235.1384197507,6469.36194291161,0.0384289722155447
"58","HYDRO ENERGI AS",167,2015,1672015,55.2778666113791,0,0,22.8,0,0,8327.67469749823,0,0,270.311856829405,0,0,0,0,0,0,0,1386.6,0,0,0.1981171339,764.752920206011,0,0,764.752920206011,1331.96645079661,0,0,1331.96645079661,1332,1331.96645079661,0,1331.96645079661,0,0,1331.96645079661,1331.96645079661,567.213530590601,0.0681118741058655
"59","ROLLAG ELEKTRISITETSVERK SA",168,2015,1682015,8783.62743347694,0,0,379.171891591568,0,0,19835.5313101054,0,0,1493.27650767383,0,0,40.9435491843796,0,0,0,0,2626.6,0,0,0.19874,11954.9628756954,0,0,11954.9628756954,13305.9980871122,0,0,13305.9980871122,13306,12042.1887846993,0,12042.1887846993,0,0,12042.1887846993,12547.7125056645,592.749629969087,0.0298832242354458
"60","RùDùY-LURùY KRAFTVERK AS",171,2015,1712015,31714.8796917505,0,0,2654.55055645427,0,0,122603.051187494,0,0,6155.52916941754,0,0,46.9824232567869,0,0,0,0,10180.4,0,0,0.20282,45525.9911103636,0,0,45525.9911103636,53876.7146978412,0,0,53876.7146978412,53877,56163.6100443009,0,56163.6100443009,0,0,56163.6100443009,55248.851905717,9722.86079535341,0.0793035793251544
"61","RùROS ELEKTRISITETSVERK AS",173,2015,1732015,18312.6647883013,1044.53658564801,0,474.388621229172,37.1710737764792,0,58251.2611976481,2829.33622137226,0,5229.20603976709,426.94077538821,0,0,0,0,0,0,7442.2,1022.6,376.40216556606,0.20999,27385.9224038591,1879.91384565143,0,29265.8362495105,31353.5249730611,2072.6252381647,0,33426.1502112259,33133,29279.3557563305,1910.42577146392,29676.2204144452,2203.67677346392,0,31879.8971879091,32498.3983972358,3232.56214772534,0.0529228967023614
"62","SANDùY ENERGI AS",181,2015,1812015,6888.2542496034,0,0,353.336915209137,0,0,22007.2816785978,0,0,1315.38768810425,0,0,149.2,0,0,0,0,1554.4,0,0,0.20999,9441.53681509051,0,0,9441.53681509051,10940.4940141955,0,0,10940.4940141955,10940,13192.7313805661,0,13192.7313805661,0,0,13192.7313805661,12291.8364340178,2850.29961892732,0.129516205615673
"63","HJARTDAL ELVERK AS",183,2015,1832015,9395.70750541259,0,0,592.612193047731,0,0,38886.3921910453,0,0,2266.91802008364,0,0,9.04726342710997,0,0,0,0,1922.8,0,0,0.19822,13436.8874683315,0,0,13436.8874683315,16085.5125176793,0,0,16085.5125176793,16086,14336.3502724828,0,14336.3502724828,0,0,14336.3502724828,15036.0151705614,1599.12770222988,0.0411230667626226
"64","SELBU ENERGIVERK AS",184,2015,1842015,11844.0437444979,949.260788568106,0,848.686033909984,250.828195763331,0,66735.6059928323,9163.62346011708,0,4446.98420800115,644.26879634757,0,0,0,0,0,0,5005.2,306.6,257.570397740502,0.20999,19461.4625184387,2028.91109305843,0,21490.3736114972,24006.9497122012,2653.06266052748,0,26660.0123727287,26572,21613.9602821295,2387.25619645395,21885.5330763137,2475.17987845395,0,24360.7129547676,25280.432721952,3790.05911045485,0.0499354095920611
"65","SIRA KVINA KRAFTSELSKAP",187,2015,1872015,428.415751789976,0,3447.42247975888,0,0,0,10160.695614317,0,7984.3411753861,398.930898466034,0,1664.69576539023,0,0,0,0,0,329.2,0,0,0.19822,965.087761331643,0,5376.82583739877,6341.91359873042,1657.15178184202,0,5920.65427835495,7577.80606019697,7578,1657.15178184202,0,1657.15178184202,0,5920.65427835495,7577.80606019697,7577.80606019697,1235.89246146656,0.0681118741058656
"66","SKJèK ENERGI KF",194,2015,1942015,13564.8389692041,0,0,631.646855308216,0,0,34539.6717270611,0,0,3068.93265007438,0,0,61.3850081548605,0,0,0,0,2060.6,0,102.938713787403,0.19874,18742.9867463303,0,0,18742.9867463303,21095.5485186618,0,0,21095.5485186618,21096,15803.5008383375,0,15912.0356481534,0,0,15912.0356481534,17985.4407963568,-757.545949973523,-0.0219326331749702
"67","SKèNEVIK ùLEN KRAFTLAG SA",196,2015,1962015,14917.1574134234,0,0,1198.30300648908,0,0,101019.176546262,0,0,5633.96443340744,0,0,0.455303430079156,0,0,0,0,5427.2,0,0,0.19822,24431.0190444876,0,0,24431.0190444876,31311.6244796848,0,0,31311.6244796848,31312,27450.2024998239,0,27450.2024998239,0,0,27450.2024998239,28994.7712917683,4563.75224728062,0.0451770881857331
"68","SOGNEKRAFT AS",197,2015,1972015,34138.4148311185,9057.84529776094,0,2095.11713011554,1939.52473473813,0,181771.552098434,33209.5914496658,0,10565.5295225982,2314.70826957869,0,699.205121725116,272.272200059388,0,0,0,11988.8,6573.2,0,0.19777,52650.4867228158,15886.070771556,0,68536.5574943718,65031.2877953721,18148.0382834829,0,83179.326078855,81294,62392.785441683,14279.9824451135,62392.785441683,16164.9790091135,0,78557.7644507965,80406.3891020199,11869.8316076481,0.0552133615616028
"69","STRANDA ENERGI AS",204,2015,2042015,13419.6957345196,336.164608131679,0,1343.62806824576,0,0,47948.1649920622,2775.48968412438,0,3450.362844738,86.5693815226286,0,74.9292601431981,0,0,0,0,11058.2,0,0,0.20999,22323.6036624527,444.427649372206,0,22768.0313118249,25589.4430399993,633.471453319414,0,26222.9144933187,26223,24787.2007857254,633.471453319414,24787.2007857254,633.471453319414,0,25420.6722390448,25741.5691407544,2973.53782892945,0.058622310397627
"70","STRYN ENERGI AS",205,2015,2052015,18632.2389070923,0,0,1525.38280474953,0,0,81437.925157784,0,0,5621.88954099392,0,0,381.120339458272,0,0,0,0,8541.8,0,246.783831617955,0.19874,29559.1387787663,0,0,29559.1387787663,35106.0284845561,0,0,35106.0284845561,35106,32152.2394495434,0,32412.4392834525,0,0,32412.4392834525,33489.8749638939,3930.73618512769,0.0482666543568244
"71","SULDAL ELVERK KF",206,2015,2062015,20518.0523088563,1384.99353397364,0,1552.92636771982,296.5517084571,0,81197.0576895478,9238.56275388994,0,5058.14046595724,717.906306079895,0,0,0,0,0,0,6984,3315.6,0,0.19822,30528.1625079886,3475.40360632635,0,34003.5661143149,36058.6462791058,4104.65942953844,0,40163.3057086442,39212,34528.9223238125,3951.50151563813,34528.9223238125,4902.31612763813,0,39431.2384514506,39724.065354328,5720.4992400131,0.0632549344159246
"72","SKL NETT AS",210,2015,2102015,24409.0383841356,29781.6391516568,13535.2702925745,1380.81134148639,4336.62216998025,2535.07488584475,141328.224951882,307349.087651688,118568.223356918,8199.82819580862,14399.4729938528,12316.4695888643,542.072099372316,70.1875577009457,0,0,336.56552676475,13950.6,35750.8,211.03806762473,0.19777,39744.592941862,61647.0818403491,29878.1746829161,131269.849465127,49370.72320739,82581.2042050335,37954.0785851586,169906.005997582,159317,46403.7498215114,61462.8123299008,46626.2606310099,72068.6424882044,37954.0785851586,156648.981704373,161951.791421657,30681.9419565295,0.0540893493407177
"73","SYKKYLVEN ENERGI AS",213,2015,2132015,10530.910245478,0,0,827.62538900098,0,0,62232.4164833103,0,0,5854.77338262318,0,0,1985.24088487562,0,0,0,0,6743.6,0,271.396882908457,0.20999,20042.6089926457,0,0,20042.6089926457,24281.3755094607,0,0,24281.3755094607,24281,25319.9974514076,0,25606.1483851751,0,0,25606.1483851751,25076.2392348894,5033.63024224367,0.0808843770929835
"74","SùR AURDAL ENERGI AS",214,2015,2142015,12710.6105452871,0,0,630.455216175877,0,0,82557.0140501463,0,0,4766.27315604099,0,0,0,0,0,0,0,4885.904,0,31.8499634769905,0.19874,20444.1611450762,0,0,20444.1611450762,26067.2740926159,0,0,26067.2740926159,26067,25348.8343749917,0,25382.4158100168,0,0,25382.4158100168,25656.3591230564,5212.19797798025,0.0631345263385409
"75","TRùNDERENERGI NETT AS",215,2015,2152015,306107.618667377,64664.2143781659,0,17913.4340512547,6158.29440931749,0,1253735.21946609,525650.928950746,0,92160.3684338017,33640.1721665365,0,3326.62230118531,1748.49633977521,0,0,1673.48856548981,148042.2,97851,0,0.20999,480088.047950948,139712.732755791,0,619800.780706739,565482.303381312,175515.802652115,0,740998.106033427,711264,519926.355311095,146682.232622553,519926.355311095,176501.019103216,0,696427.374414311,714255.667061957,94454.8863552185,0.0530828490708762
"76","TINFOS AS",222,2015,2222015,544.573592832208,0,0,0,0,0,2025.04937450916,3039.69760905611,0,218.040562896679,250.179836295515,0,0,0,0,0,0,239.4,1043,0,0.19822,870.63933279169,562.881566866658,0,1433.52089965835,1008.56924084642,769.921067734589,0,1778.49030858101,1479,1008.56924084642,470.819957734589,1008.56924084642,769.921067734589,0,1778.49030858101,1778.49030858101,344.96940892266,0.0681118741058656
"77","TINN ENERGI AS",223,2015,2232015,27717.8424299711,0,0,1327.03516604566,0,0,159758.782519406,0,0,9956.61822762173,0,0,8.82659846547315,0,0,0,0,17222.2,0,941.005413915149,0.19822,45954.393443295,0,0,45954.393443295,56835.8635255631,0,0,56835.8635255631,56836,46276.4880308233,0,47268.64967611,0,0,47268.64967611,51095.5352158913,5141.14177259631,0.0321806519273631
"78","TROMS KRAFT NETT AS",227,2015,2272015,178238.315425032,32765.4283103148,4725.58489637272,22229.5793428674,3648.87508617946,8.57794010226443,1082654.00967737,366556.625141521,78340.9141511654,62825.4331871063,18958.241650521,4726.51593490583,6293.80275212149,0,0,0,820.801793880853,98496,70017.2,0,0.20282,305169.846676415,79198.3964109641,9956.89314173336,394325.136229113,378911.440283771,104165.255115274,15292.839623736,498369.535022781,477470,409323.801461408,85496.2095763097,409323.801461408,106437.32151263,15292.839623736,531053.962597774,517980.191567777,123655.055338664,0.0809498412161854
"79","TRùGSTAD ELVERK AS",231,2015,2312015,9813.04528209212,0,0,262.202093297372,0,0,40858.4231338245,0,0,3071.5623246743,0,0,27.5182187452986,0,0,0,0,6306.6,0,273.463451778657,0.19874,15632.4721399498,0,0,15632.4721399498,18415.4159126051,0,0,18415.4159126051,18415,20440.3995218046,0,20728.7293701034,0,0,20728.7293701034,19803.4039871041,4170.93184715424,0.10208254570895
"80","TYSNES KRAFTLAG SA",234,2015,2342015,18557.302601077,0,0,617.739709895265,0,0,69264.3178621922,0,0,4070.8598582762,0,0,20.1706609716055,0,0,0,0,2504,0,68.625809191602,0.19777,25156.6212684576,0,0,25156.6212684576,29874.3437667159,0,0,29874.3437667159,29874,24041.9971728952,0,24114.3537127725,0,0,24114.3537127725,26418.3497343499,1261.72846589225,0.0182161393461288
"81","HARDANGER ENERGI AS",238,2015,2382015,30224.9966231014,637.110605997841,0,2114.99675677055,0,0,106602.254156363,7862.45418462291,0,8851.88412455287,236.99908448549,0,0,0,0,0,0,12133.6,1280.4,368.013494099093,0.19777,46794.9908724325,1286.3692733601,0,48081.3601457926,54055.8701869322,1821.89576294627,0,55877.7659498784,55511,53978.1375821525,1818.89511105475,54366.157532297,2186.07541905474,0,56552.2329513518,56282.4461507624,8201.08600496987,0.0716472887043852
"82","UVDAL KRAFTFORSYNING SA",242,2015,2422015,8657.64787728908,0,0,204.450788212053,0,0,34705.2330178785,0,0,2046.3579293316,0,0,93.1908162309207,0,0,0,0,1833.4,0,0,0.19822,11994.0804745831,0,0,11994.0804745831,14357.9189367115,0,0,14357.9189367115,14358,10523.714740928,0,10523.714740928,0,0,10523.714740928,12057.3964192414,63.3159446583577,0.00182439186118532
"83","VANG ENERGIVERK KF",248,2015,2482015,11313.0986076326,0,0,574.762643276343,0,0,42787.7245557398,0,0,2880.96940700074,0,0,749.068639618138,0,0,0,0,2454.6,0,0,0.19874,16232.2880466246,0,0,16232.2880466246,19146.6401548416,0,0,19146.6401548416,19147,16742.2272599581,0,16742.2272599581,0,0,16742.2272599581,17703.9924179115,1471.70437128693,0.0343954811004201
"84","VARANGER KRAFTNETT AS",249,2015,2492015,68644.0555824314,13049.5074637716,0,4357.95846907297,1326.89705575218,0,372551.186172889,237432.652746182,0,18861.6027887671,11557.1097885908,0,573.211084205244,0,0,0,246.950279224378,36713.8,19022.8,0,0.20282,107123.12722389,33007.9629205964,0,140131.090144486,132498.286714488,49179.9458730661,0,181678.232587554,175976,113528.169479003,40734.122822432,113528.169479003,46448.720632638,0,159976.890111641,168657.427102007,28526.3369575205,0.0467657258068852
"85","VEST-TELEMARK KRAFTLAG AS",251,2015,2512015,52198.5616528457,6428.74560895483,0,7481.38264878963,1500.37274255717,0,235604.440987363,65687.6557086992,0,13429.1081213723,3663.38891163093,0,0,0,0,0,0,18201.2,16166,0,0.19822,82103.1330600347,16834.0153534324,0,98937.1484134671,98150.5930833488,21308.1246893728,0,119458.717772722,114823,99476.3731389547,13445.160850623,99476.3731389547,18081.084670623,0,117557.457809578,118317.961794835,19380.8133813681,0.0643256613561924
"86","DALANE ENERGI IKS",257,2015,2572015,43192.5981151313,7310.77586540006,0,3147.69860401523,2473.2673489821,0,269506.279701429,32445.5734241668,0,17220.5981019674,1995.67355398578,0,425.84553699284,0,0,0,0,18195.4,3210.6,1696.34862017191,0.19822,72068.7370048801,13312.8037641242,0,85381.5407690042,90425.314798644,15522.7325764836,0,105948.047375128,105027,82999.8355169443,9590.87679104718,84788.4033754088,10511.5805530472,0,95299.983928456,99559.2093071246,14177.6685381204,0.0469534079402496
"87","ùVRE EIKER NETT AS",264,2015,2642015,24088.4399052396,0,0,1041.72642851857,0,0,141404.361349557,0,0,12663.1971718634,0,0,0,0,0,0,0,14759.8,0,0,0.19874,43988.3419659962,0,0,43988.3419659962,53619.6580242575,0,0,53619.6580242575,53620,49950.3429520873,0,49950.3429520873,0,0,49950.3429520873,51418.0689809554,7429.72701495916,0.0525424176740392
"88","èRDAL ENERGI KF",267,2015,2672015,14737.2851939888,0,0,363.123677041601,0,0,63528.6543257998,0,0,3759.12820247594,0,0,0,0,0,0,0,5370.8,0,0,0.19874,21368.5423316508,0,0,21368.5423316508,25695.5980372047,0,0,25695.5980372047,25696,22674.8243625384,0,22674.8243625384,0,0,22674.8243625384,23883.1338324049,2514.59150075412,0.0395820048046085
"89","SFE NETT AS",269,2015,2692015,104257.277269823,24699.3929617364,14874.7892531729,13650.9602212754,5515.266005393,2674.06593223165,602741.762278923,231063.323645187,139571.999431722,32689.1641507222,11133.8551485713,6377.01592406834,218.522803556883,0,0,0,1075.82789527659,39472.4,27537.8,2090.05215795219,0.1982638815,169704.555817557,52528.9624020119,25169.5884030846,247403.106622653,210758.426848246,68267.1184126157,34676.098857082,313701.644117944,304729,187096.531160854,57193.971862427,189300.205610655,66221.1796338405,34676.098857082,290197.484101577,299599.148108124,52196.0414854709,0.0536236595978524
"90","DRIVA KRAFTVERK",271,2015,2712015,0,954.536083572589,0,0,0,0,0,594.019712089291,0,0,23.9150547182856,0,0,0,0,0,0,0,6112.4,0,0.20999,0,2780.83990248668,0,2780.83990248668,0,2821.29969833291,0,2821.29969833291,1068,0,1095.96104668244,0,2848.81399468244,0,2848.81399468244,2837.80827614263,56.9683736559473,0.0959031703772551
"91","SVORKA ENERGI AS",274,2015,2742015,30671.7532908612,955.931712255549,0,2347.22520779031,0,0,176064.081081109,12535.7422906096,0,9268.26675239457,1448.71428552886,0,839.548822536839,0,0,0,0,11151.6,2281,684.178521940517,0.20999,47666.587187938,3185.83160615867,0,50852.4187940967,59658.6417130994,4039.66450688024,0,63698.3062199797,63044,56898.5733493495,3385.54213688024,57619.9461257017,4039.66450688024,0,61659.6106325819,62475.088867541,11622.6700734443,0.0616260920379376
"92","HALLINGDAL KRAFTNETT AS",275,2015,2752015,63713.0071755212,6477.71720558763,480.247397146875,3016.17073665542,999.885298221448,0,226916.213660582,56520.3117108753,0,17348.3303709405,3656.16424050105,0,0,0,0,0,0,33255.662,4555.6,175.723662930011,0.19777,97940.9363249041,13020.634170774,504.515809890969,111466.086305569,113396.624902333,16870.3385264495,504.515809890969,130771.479238674,129465,117466.87756998,14083.2971079601,117652.154164514,15389.7065199601,504.515809890969,133546.376494365,132436.417592089,20970.3312865196,0.0739859877234839
"93","USTEKVEIKJA KRAFTVERK DA",287,2015,2872015,0,0,0,0,0,0,0,1155.41520728111,0,0,283.657064987071,0,0,0,0,0,0,0,0,0,0.19874,0,299.077620737441,0,299.077620737441,0,377.775115875774,0,377.775115875774,378,0,377.775115875774,0,377.775115875774,0,377.775115875774,377.775115875774,78.6974951383336,0.0681118741058655
"94","KRAFTVERKENE I ORKLA DA",288,2015,2882015,0,3162.61690669633,0,0,0,0,0,25963.987245543,0,0,4317.34337236311,0,0,0,0,0,0,0,13232.2,0,0.20999,0,11669.0806230867,0,11669.0806230867,0,13437.5364536415,0,13437.5364536415,9643,0,10845.5598961873,0,14640.1578901873,0,14640.1578901873,14159.109315569,2490.02869248221,0.0959031703772557
"95","HYDRO ALUMINIUM AS",294,2015,2942015,4179.39729190514,0,0,292.320219524689,0,0,122909.267570404,0,0,9109.89198417879,0,0,0,0,0,0,0,4894.8,0,0,0.2049287251,15707.6253926831,0,0,15707.6253926831,24079.2059518826,0,0,24079.2059518826,24079,24079.2059518826,0,24079.2059518826,0,0,24079.2059518826,24079.2059518826,8371.5805591995,0.0681118741058655
"96","GUDBRANDSDAL ENERGI NETT AS",295,2015,2952015,49785.3652996009,5440.41998500132,0,3362.46959892215,350.810512517571,0,201118.446090464,29077.7124787082,0,11518.1948329302,1957.91017137683,0,13823.7037234939,11.5242959427208,0,0,0,21533.4,4964.2,0,0.19874,74165.9372363104,9573.15570178355,0,83739.0929380939,87864.4915167914,11553.6931934199,0,99418.1847102113,97995,86352.0112508318,10790.3023456114,86352.0112508318,12213.8859796114,0,98565.8972304432,98906.8122223504,15167.7192842565,0.0658904100682405
"97","VALDRES ENERGIVERK AS",306,2015,3062015,31705.7545634377,0,0,2586.80542035159,0,0,222747.369648423,0,0,14222.5580629854,0,0,0,0,0,0,0,16417.4,0,68.625809191602,0.19874,55739.1411807092,0,0,55739.1411807092,70910.8819796153,0,0,70910.8819796153,70911,69333.4985653724,0,69405.8551052497,0,0,69405.8551052497,70007.865854996,14268.7246742867,0.0640578817914123
"98","VINSTRA KRAFTSELSKAP DA",307,2015,3072015,0,470.386702888075,0,0,0,0,0,796.299604260652,0,0,74.8231521415759,0,0,0,0,0,0,0,0,0,0.19874,0,573.047615024677,0,573.047615024677,0,627.285073420629,0,627.285073420629,627,0,627.285073420629,0,627.285073420629,0,627.285073420629,627.285073420629,54.237458395952,0.0681118741058655
"99","NORDMùRE ENERGIVERK AS",311,2015,3112015,81552.7230389966,19227.6010187335,0,5055.4379377246,1822.70486820342,0,374216.03404251,227122.523111489,0,25969.5553900781,10452.5866481243,0,1081.63242611862,0,0,0,0,30691.8,28361.6,0,0.20999,127186.943052498,41275.1060642246,0,168462.049116722,152675.498451597,56744.8467650009,0,209420.345216598,201287,136498.459665436,59131.6396158292,136498.459665436,67264.8956478293,0,203763.355313265,206026.151274599,37564.1021578763,0.062467476450635
"100","HEMSEDAL ENERGI KF",343,2015,3432015,10540.3929240158,3089.45720337335,0,439.124224326015,0,0,85781.2506427491,24219.0818813111,0,6651.51324050006,1133.4141455778,0,0,0,0,0,0,4352.4,660,0,0.19874,19797.2783636615,4629.875766356,0,24427.1541300175,25640.0001080841,6279.48282241551,0,31919.4829304996,31730,26413.3041565481,3466.45427344183,26413.3041565481,3655.72247344183,0,30069.0266299899,30809.2091501938,6382.05502017633,0.0580185066147904
"101","NOTODDEN ENERGI NETT AS",349,2015,3492015,39458.6150094292,88.170525458455,0,715.004455173073,0,0,187326.336426247,9131.83031611537,0,8971.54733011584,536.203316618513,0,0,0,0,0,0,8700,3000,0,0.19822,54160.6274818335,1518.28919892834,0,55678.9166807618,66919.7753252111,2140.27527577572,0,69060.0506009868,68200,50857.7512177341,1279.96527577572,50857.7512177341,2140.27527577572,0,52998.0264935099,59422.8361365006,3743.9194557388,0.0190570823184389
"102","LOFOTKRAFT AS",354,2015,3542015,71861.3203977028,14456.374958953,0,10478.9918160585,4959.61623729197,0,463605.622938966,306043.278185621,0,28492.7371617747,10091.5740073422,0,149.684374413755,0,0,0,0,33269.2,13755.8,0,0.20282,126123.671356411,35001.075621656,0,161124.746978067,157700.719180801,55846.2568563814,0,213546.976037182,209602,134796.828100489,46131.7261453612,134796.828100489,50076.4769113612,0,184873.30501185,196342.773421983,35218.0264439164,0.0457585613290124
"103","NORE ENERGI AS",373,2015,3732015,10621.8556880228,0,0,190.466252337499,0,0,41418.173493808,0,0,2320.72336470656,0,0,17.8791772668687,0,0,0,0,2951.4,0,0,0.19874,14652.6908334132,0,0,14652.6908334132,17473.7602521183,0,0,17473.7602521183,17474,16163.749132466,0,16163.749132466,0,0,16163.749132466,16687.7535803269,2035.06274691378,0.0491345362493597
"104","AURLAND ENERGIVERK AS",418,2015,4182015,11295.918960998,0,0,1103.4526121974,0,0,41018.1974408556,0,0,3419.99905081459,0,0,0,0,0,0,0,2507.2,0,170.524737991254,0.19777,17355.0888161393,0,0,17355.0888161393,20148.9151162804,0,0,20148.9151162804,20149,18308.0903430222,0,18487.8853815051,0,0,18487.8853815051,19152.2972754152,1797.2084592759,0.0438149058565362
"105","HèLOGALAND KRAFT PRODUKSJON AS",433,2015,4332015,68340.6615984657,7620.24381440176,493.583825456283,4449.71892394117,325.047561091299,0,334077.429659113,77589.2238374312,3205.0521760004,24153.8315785011,6288.27008046696,240.123336474359,0,0,0,0,299.929249929216,25853.8,7722.4,0,0.20282,109366.760664505,17507.7969058888,771.703421666416,127646.26099206,132121.400495058,22792.5443518757,990.005531980886,155903.950378914,153389,127983.623768944,21581.3221928429,127983.623768944,24110.9604599155,990.005531980886,153084.589760841,154212.33400807,26566.0730160099,0.0640344295664702
"106","E-CO ENERGI AS",447,2015,4472015,0,1972.11570742266,21017.4771366083,0,0,0,0,32740.4561621672,97709.6071661417,0,1688.84917693679,10699.1403688399,0,0,0,0,0,0,1415.6,0,0.19874,0,4258.38525429833,33360.3381793215,37618.7234336198,0,6488.39908258447,40015.5226415553,46503.9217241397,46098,0,6082.44747058447,0,6488.39908258447,40015.5226415553,46503.9217241397,46503.9217241397,8885.19829051996,0.0681118741058656
"107","MùRENETT AS",460,2015,4602015,172608.51962549,46151.7575797542,1729.24694042314,18398.3192118908,5613.23017082809,989.131595092025,845756.191295928,620357.403112394,8317.31636456607,64876.4520842013,27940.4704430586,1005.6223695848,983.749549169296,2.42731457800511,0,0,224.544439140811,94357.8,55719.4,0,0.20999,296191.826801244,100076.287950434,3919.82675679119,400187.941508469,353797.866027048,142329.993291867,4486.33476191317,500614.194080828,484411,299607.054743199,134032.936757316,299607.054743199,150247.480471808,4486.33476191317,454340.86997692,472850.199618483,72662.2581100148,0.0492815618413247
"108","VESTERèLSKRAFT NETT AS",464,2015,4642015,47690.4148910826,5735.46866950538,0,2857.11412600423,1258.71041526014,0,177065.19597913,38583.1229081667,0,14592.6787175429,1731.1968836403,0,0,0,0,0,0,14353.4,8944.4,0,0.20282,72614.9086951539,11742.7342983519,0,84357.6429935058,84675.1510322148,14370.703108484,0,99045.8541406989,96481,76030.7888563041,10122.5976571434,76030.7888563041,12687.5832451434,0,88718.3721014474,92849.364917148,8491.72192364224,0.0393776402591862
"109","TRùNDERENERGI KRAFT AS",484,2015,4842015,0,3277.19115261293,0,0,0,0,0,62192.0273123304,0,0,3165.44841953125,0,0,0,0,0,0,0,7793.4,0,0.20999,0,9015.24413876151,0,9015.24413876151,0,13251.2596734475,0,13251.2596734475,11016,0,5152.68759741527,0,7387.60091541527,0,7387.60091541527,9733.06441862817,717.820279866657,0.0115419984021704
"110","HAUGALAND KRAFT PRODUKSJON AS",503,2015,5032015,157983.138185419,19662.6455269919,2241.0107101155,15998.0081200144,1572.79021022558,0,794848.233451675,133927.37356033,19388.2282905047,44185.3993475069,12195.8605224135,1731.01054539108,971.619638359345,0,0,0,0,68557,17029.6,0,0.19822,249081.795053355,40057.0003662247,4179.37015872015,293318.1655783,303220.397863485,49179.0447734951,5499.93872317879,357899.381360159,353016,264880.4083008,50498.8252439355,264880.4083008,55382.4036359355,5499.93872317879,325762.750659914,338617.402940012,45299.2373617124,0.0477757489529853
"111","LYSE ELNETT AS",511,2015,5112015,213390.237115756,89966.0435230654,7114.03708514474,10639.079949305,3968.78351191916,0,1821943.20153155,653311.130648182,61400.5441396474,100774.212025553,42836.0081703622,4706.95796551214,11557.3369808612,97.2409293129016,0,0,1773.33736675259,160947.2,72112.8,20266.4491962654,0.19822,387798.440756272,166404.306430606,12436.3758656601,566639.123052538,511894.406727026,210902.551913276,16618.4819981314,739415.440638433,716962,569226.142237437,218620.41988651,590594.344036647,241163.157228677,16618.4819981314,848375.983263455,804791.766213446,238152.643160908,0.0938845269745414
"112","LYSE PRODUKSJON AS",512,2015,5122015,608.256848957116,593.005562518159,0,0,0,0,10224.6945349255,4396.0113609335,0,619.350931558686,535.693505361148,0,0,0,0,0,0,0,0,0,0.19822,1292.01492154384,1187.78761325757,0,2479.8025348014,1988.43802847761,1487.20818564142,0,3475.64621411904,3476,1988.43802847761,1487.20818564142,1988.43802847761,1487.20818564142,0,3475.64621411904,3475.64621411904,995.843679317633,0.0681118741058655
"113","VOKKS NETT AS",542,2015,5422015,40748.4711098685,326.387997325733,0,3132.91474901506,0,0,204234.618516348,719.497230337398,0,13503.8611783502,83.5749341817088,0,287.672521515696,0,0,0,0,17588,0,1014.2481086885,0.19874,65392.5376235002,430.999760038155,0,65823.5373835383,79303.3402479451,480.006064810415,0,79783.3463127555,79783,76733.0411084842,480.006064810415,77802.427168718,480.006064810415,0,78282.4332335284,78882.7984652193,13059.2610816809,0.0637179743090481
"114","BKK NETT AS",566,2015,5662015,394548.248701503,102165.065946918,11702.5299928596,41881.1306242738,13775.5341187131,0,2528363.95971859,996957.434216133,214121.544172389,181998.142065826,67772.2669981202,16279.0371311259,25021.7940299217,0,0,0,3176.09304074528,233425.6,116771.6,29462.3985577549,0.19777,717475.578841438,230131.985997207,29457.9162233849,977065.48106203,889687.186559598,298036.625245443,44042.1358834082,1231765.94768845,1195103,845865.950505652,262895.133912819,876930.024521483,299718.316664906,44042.1358834082,1220690.4770698,1225120.66531726,248055.184255228,0.0663347959471184
"115","EIDSIVA NETT AS",574,2015,5742015,360193.057870762,102586.763956654,254.574633859296,43719.9376943476,19882.514102264,1679.68558282209,2787236.29141305,579238.29924384,5453.91999254029,161402.078355779,47122.2158604051,1180.67072702453,10230.967065506,1933.80490842188,0,0,1231.42465651956,169515.6,191878.2,0,0.19874,643279.876931494,234736.693214375,3283.29402761428,881299.864173483,833123.764315519,274189.699329767,3654.77073952965,1110968.23438482,1054712,878921.886790665,203135.110334442,878921.886790665,259453.674169246,3654.77073952965,1142030.33169944,1129605.49277359,248305.628600108,0.0736390548660487
"116","FLESBERG ELEKTRISITETSVERK AS",578,2015,5782015,13131.1355366148,0,0,752.991754469552,0,0,65747.2331481688,0,0,3978.62352809229,0,0,0,0,0,0,0,3892.8,0,34.312904595801,0.19874,19899.8732711043,0,0,19899.8732711043,24378.0405381014,0,0,24378.0405381014,24378,22047.4634444559,0,22083.6417143945,0,0,22083.6417143945,23001.4012438773,3101.52797277294,0.0471735132303332
"117","MIDT NETT BUSKERUD AS",591,2015,5912015,32974.3401313131,1396.14740033864,0,2249.60711305259,202.186972216654,0,217725.927406167,47205.9439579795,0,16345.4514173486,1954.85657773623,0,678.140553486232,0,0,0,0,17832,1898.4,0,0.19874,59360.2686714767,4285.41101144747,0,63645.6796829242,74189.9896285484,7500.69632336191,0,81690.6859519104,81146,72018.6840152306,7550.41947536803,72018.6840152306,8094.82364336803,0,80113.5076585986,80744.3789759233,17098.6992929991,0.0645399860913565
"118","NESSET KRAFT AS",593,2015,5932015,13808.6458827007,0,0,502.138339554147,0,0,28651.0232311403,0,0,2760.37692867627,0,0,276.299240085807,0,0,0,0,3518.6,0,0,0.20999,18955.3457625444,0,0,18955.3457625444,20906.8206498681,0,0,20906.8206498681,20907,18125.3671677908,0,18125.3671677908,0,0,18125.3671677908,19237.9485606217,282.602798077318,0.00986361973174353
"119","SUNNDAL ENERGI KF",599,2015,5992015,19936.0972567913,0,0,500.793487031879,0,0,81918.6863429599,0,0,6075.61230090694,0,0,0,0,0,0,0,5629.4,0,409.957195562826,0.20999,29491.7954560029,0,0,29491.7954560029,35071.4307071125,0,0,35071.4307071125,35071,30288.0822007643,0,30720.3260535967,0,0,30720.3260535967,32460.767915003,2968.97245900009,0.0362429207735366
"120","SKAGERAK NETT AS",611,2015,6112015,314172.641678229,118902.706874219,0,31142.3249907758,6159.87376437013,0,2102829.66525291,898692.761371137,0,166324.529799306,58268.2948555293,0,5242.72303125041,1599.51548679447,0,0,784.223835313683,251542.2,178595.8,0,0.19822,610385.350651625,244881.707037445,0,855267.05768907,753613.020077411,306093.355259808,0,1059706.37533722,1007706,811666.24669025,283678.674350752,811666.24669025,335718.445051115,0,1147384.69174137,1112313.36517971,257046.307490637,0.0856386429801722
"121","NORDVEST NETT AS",613,2015,6132015,31320.029465429,0,0,3975.38563690766,0,0,190140.12331874,0,0,14166.3591298671,0,0,0,0,0,0,0,23006.2,0,0,0.20999,58628.208383738,0,0,58628.208383738,71579.0085256978,0,0,71579.0085256978,71579,78235.0840424381,0,78235.0840424381,0,0,78235.0840424381,75572.653835742,16944.445452004,0.0891155699084053
"122","FOLLO NETT AS",614,2015,6142015,50410.9739364815,0,0,5497.13424552976,0,0,333988.863219687,0,0,24789.4173837181,0,0,89.4950661314806,0,0,0,0,46388,0,1287.58880629946,0.19874,98194.1167285602,0,0,98194.1167285602,120942.724132941,0,0,120942.724132941,120943,138494.847637779,0,139852.434118813,0,0,139852.434118813,132288.550124464,34094.4333959037,0.10208254570895
"123","EB NETT AS",615,2015,6152015,88462.7239313069,51419.2869033615,63.1213049925853,4681.07280389474,7319.13128541576,0,541990.366941992,517520.671064838,5011.9767337957,42261.4720633116,32889.2100193755,355.753409267809,2901.94727090878,745.005226669271,0,0,811.509885301725,86027.8,100411,0,0.1987030317,167097.716144571,126059.248328832,441.404388941514,293598.368862344,204013.695784316,161308.551123583,782.779517255334,366105.026425154,336499,217260.106992228,155632.121112785,217260.106992228,185279.501617136,782.779517255334,403322.388126619,388435.443446033,94837.0745836886,0.0890887968324442
"124","AGDER ENERGI NETT AS",624,2015,6242015,353072.051752018,81366.1853062908,127.201651350809,46795.593090027,3650.92267893094,31.6566837107378,2562584.3928274,1154583.43591958,8052.58906027154,145481.660736106,62263.6164654175,545.969565637562,5773.62775866328,553.575959336672,0,0,1280.14966080477,193319,165473.4,1229.58762560821,0.19822,629082.07810978,203773.397388919,742.657513684977,833598.133012384,803624.503659696,282414.239020991,1291.13444598446,1087329.87712667,1038597,822091.360696843,229081.240185789,823387.792857177,277878.886756726,1291.13444598446,1102557.81405989,1096466.6392866,262868.506274217,0.070564551031036
"125","VOSS ENERGI AS",625,2015,6252015,36064.5170046434,1719.04402942819,0,2925.99721131651,116.881967213115,0,186014.012398224,48720.3815119929,0,12999.0038204541,1408.03450820069,0,2181.30860688797,133.258181490511,0,0,0,15662.2,5315.6,0,0.19777,59169.1575247126,4938.08343111699,0,64107.2409558296,71838.9205191073,8256.51992305159,0,80095.4404421589,78571,63855.1018278331,8988.83623947651,63855.1018278331,10513.1908514765,0,74368.2926793096,76659.1517844493,12551.9108286197,0.0534728235582752
"126","NORDKRAFT NETT AS",637,2015,6372015,34570.936590464,8335.19346033646,0,2221.02386615782,414.525153152624,0,138385.650270414,71585.751717504,0,10490.8026910787,4336.37662484459,0,665.224619926521,78.0125904081949,0,0,0,24521.4,5722.4,0,0.20282,56752.8010871211,15406.5865110541,0,72159.3875981751,66178.5070763978,20282.4262198105,0,86460.9332962083,84820,51403.152379207,15387.7991596788,51403.152379207,17028.8118076788,0,68431.9641868858,75643.5518306148,3484.16423243965,0.0165935179717481
"127","SVORKA PRODUKSJON AS",652,2015,6522015,478.075704605487,0,0,0,0,0,2948.68645594513,0,0,138.87471186574,0,0,0,0,0,0,0,0,0,0,0.20999,648.658784967969,0,0,648.658784967969,849.499345632974,0,0,849.499345632974,849,849.499345632974,0,849.499345632974,0,0,849.499345632974,849.499345632974,200.840560665005,0.0681118741058655
"128","MIDT-TELEMARK ENERGI AS",659,2015,6592015,25861.5100072193,1445.64250265444,0,1507.02148635399,0,0,176047.325580274,8010.86928740412,0,11285.9655948357,751.622342789189,0,90.2037567968364,4.6914483440435,0,0,0,16580.2,1220.2,821.430140323721,0.19822,45411.5345223567,2661.09519404749,0,48072.6297164041,57402.4477989546,3206.7305144297,0,60609.1783133843,60259,60269.7793589644,2856.8137604297,61135.8652150711,3206.7305144297,0,64342.5957295008,62849.2287630542,14776.5990466501,0.0802822121409653
"129","STANGE ENERGI NETT AS",669,2015,6692015,27605.6737600485,2097.99714260893,0,2551.7350667428,94.01613500559,0,248799.467207796,18218.8327428362,0,12647.2128143174,1514.90486710533,0,993.634108528421,49.0358872960949,0,0,0,14486.2,951,0,0.19874,49180.0969321339,4173.1211923985,0,53353.2181245324,66126.2949201977,5414.04003453438,0,71540.3349547321,71268,64302.930545857,5141.32176453438,64302.930545857,5414.04003453438,0,69716.9705803914,70446.3163301277,17093.0982055953,0.0640147068899606
"130","HAFSLUND NETT AS",675,2015,6752015,1127829.98998231,370735.376316089,4947.98365450697,69837.8675129174,17642.9963665375,0,4911984.5163674,2737247.63489676,6645.52612450873,295430.84568038,123258.435307164,736.117036174217,25864.3177831319,368.824570140284,200.976801909308,0,2569.50139890009,761510.6,352132,0,0.19874,1788327.13810516,641711.351167034,5974.1556878575,2436012.64496005,2122891.60909394,828150.4174717,6426.79492661728,2957468.82149226,2853918,2305758.57515723,708683.058056732,2305758.57515723,812363.298089828,6426.79492661728,3124548.66817367,3057716.72950111,621704.084541054,0.0812061151887566
"131","STATKRAFT ENERGI AS",685,2015,6852015,0,111.911522480578,75.394146606338,0,0,0,0,3907.01778629841,2129.97310726896,0,1013.44725456237,323.544181456275,0,0,0,0,0,0,1314.4,0,0.20282,0,1563.03892097023,420.33718569374,1983.37610666397,0,1829.15322455997,565.413645824922,2394.56687038489,2018,0,1452.22273655997,0,1829.15322455997,565.413645824922,2394.56687038489,2394.56687038489,411.190763720917,0.0681118741058655
"132","YARA NORGE AS",686,2015,6862015,11414.5175785478,933.834007138935,0,0,0,0,21287.8579668742,284.893551943344,0,1236.93377043288,43.6698944243227,0,0,0,0,0,0,3177.6,0,0,0.20282,14206.7471018378,1027.06751645274,0,15233.8146182905,15656.7030036611,1046.47215019627,0,16703.1751538573,16703,15656.7030036611,1046.47215019627,15656.7030036611,1046.47215019627,0,16703.1751538573,16703.1751538573,1469.36053556682,0.0681118741058656
"133","RINGERIKS-KRAFT NETT AS",693,2015,6932015,51468.3393157892,0,0,8191.7824167069,0,0,360902.279486153,0,0,17149.1511528112,0,0,5503.5371066414,0,0,0,0,38760.8,0,0,0.19874,91903.1834098464,0,0,91903.1834098464,116484.914034727,0,0,116484.914034727,116485,114930.082963343,0,114930.082963343,0,0,114930.082963343,115552.015391897,23648.8319820503,0.0655269676204903
"134","NTE NETT AS",699,2015,6992015,220941.400898089,65966.2733274472,0,29923.8058360599,1224.66664513436,0,1274549.07660714,519515.843966716,0,77938.3468338398,26593.4032796977,0,2595.28461225737,0,0,0,1144.25886700135,89153.2,56484.4,0,0.2093508032,371398.632007648,116030.224157601,0,487428.856165249,458210.558255261,151415.421917864,0,609625.980173125,592284,520563.5195195,112093.4445399,520563.5195195,129493.557797453,0,650057.077316953,633884.638459422,146455.782294173,0.0816334908590304
"135","NORDLANDSNETT AS",726,2015,7262015,79437.6719882776,32811.4729265328,0,6125.38810851598,2151.72321921687,0,490187.408308738,172115.861992714,0,33160.0875427463,11714.8135022074,0,1567.41756292993,220.813625362756,0,0,807.774504744522,47419.8,55499.6,0,0.20282,138471.650406268,65854.1226002127,0,204325.77300648,171859.233449273,77577.256523883,0,249436.489973156,232713,169132.373565295,68785.2471947034,169132.373565295,85549.4613799584,0,254681.834945254,252583.696956414,48257.9239499342,0.0728637862953163
"136","MO INDUSTRIPARK AS",743,2015,7432015,13958.1467647759,7107.8469164918,0,3360.86276168293,539.642862336606,0,44585.7735162452,30467.8719116083,0,2923.25870392231,2464.14569522271,0,0,0,0,0,0,7937,0,0,0.20282,23565.3368747707,10634.1134410013,0,34199.450315772,26602.1574674218,12709.3372969184,0,39311.4947643402,39311,26602.1574674218,12709.3372969184,26602.1574674218,12709.3372969184,0,39311.4947643402,39311.4947643402,5112.04444856822,0.0681118741058655
"137","Aktieselskabet Saudefaldene",753,2015,7532015,0,28942.5353464193,0,0,19.1506849315069,0,0,60939.7837794341,0,0,3967.61698856672,0,0,0,0,0,0,0,16127.8,0,0.19822,0,39233.5637959696,0,39233.5637959696,0,43384.286676793,0,43384.286676793,38759,0,20173.684886601,0,24798.654092601,0,24798.654092601,32232.9071262778,-7000.65666969174,-0.1148782656504
"138","HERùYA NETT AS",852,2015,8522015,27361.3832853509,6917.48966709099,0,294.698350205041,0,0,10431.069257118,17908.8861401909,0,1172.84815019254,756.14364610062,0,0,0,0,0,0,8679.286,2278.8,0,0.19822,32780.3262425863,8717.79383910371,0,41498.12008169,33490.8059186166,9937.60163726067,0,43428.4075558773,42775,33490.8059186166,9284.11016126067,33490.8059186166,9937.60163726067,0,43428.4075558773,43428.4075558773,1930.28747418735,0.0681118741058657
"139","LYSE SENTRALNETT AS",872,2015,8722015,0,0,31063.6350282019,0,0,0,0,0,66070.8729778739,0,0,5742.36384472441,0,0,0,0,0,0,0,0,0.19822,0,0,38687.9164220912,38687.9164220912,0,0,43188.1274044247,43188.1274044247,43188,0,0,0,0,43188.1274044247,43188.1274044247,43188.1274044247,4500.21098233358,0.0681118741058655
"140","GASSCO AS",900,2015,9002015,0,0,628.772337970145,0,0,0,0,0,5785.59471660649,0,0,408.592475280291,0,0,0,0,0,0,0,0,0,0,0,1091.3511252619,1091.3511252619,0,0,1485.41882422697,1485.41882422697,1485,0,0,0,0,1485.41882422697,1485.41882422697,1485.41882422697,394.067698965062,0.0681118741058655
