"","comp","id","orgn","y","id.y","fp_ld_OPEX","fp_rd_OPEX","fp_t_OPEX","ld_opex_2012","rd_opex_2012","t_opex_2012","fp_ld_cens","fp_rd_cens","fp_t_cens","ld_rab.sf","rd_rab.sf","t_rab.sf","ld_dep.sf","rd_dep.sf","t_dep.sf","fp_ld_391","fp_rd_391","fp_t_391","fp_ld_cga","fp_rd_cga","ld_nl","rd_nl","ld_gci.cost","ap.t_2","ld_sum.cost","rd_sum.cost","t_sum.cost","lrt_sum.cost","ld_cost.RC","rd_cost.RC","t_cost.RC","lrt_cost.RC","lrt_cost.RC.ex.nlR.og.cgaR","lrt_cost.cby","ld_cn.cal.RAB","rd_cn.cal.RAB","ld_cn.pre.recal","rd_cn.pre.recal","t_cn.pre.recal","lrt_cn.pre.recal","lrt_RC.pre.recal","lrt_EBIT.pre.recal","lrt_RET.pre.recal","lrt_RAB","lrt_cn.pos.recal","lrt_RC.pos.recal","lrt_EBIT.pos.recal","lrt_RET.pos.recal"
"1","ALTA KRAFTLAG SA",7,971029390,2016,72016,41537.0110997671,2400.20740587083,0,44738,2609,0,4364,0,0,234777.53,12983.55,0,14397,944,0,82,40,0,0,0,24935,8990,0,0.24445,69384.07082665,5871.24250385601,0,75255.313330506,83188.98959065,6634.67524385601,0,89823.6648345061,89824,56594.184755638,76977.799309898,5657.94542027476,76977.799309898,8054.22992027476,0,85032.0292301727,86948.6834719061,11693.3701414,0.0471961542200252,247761.08,79098.7807298521,83388.7343717137,8133.42104120764,0.0328276783472515
"2","ANDØY ENERGI AS",9,971048611,2016,92016,15614.3149497135,1937.007432457,0,12130,1561,0,353,345,0,65302.56,54723.82,0,5502,3093,0,0,0,0,0,0,4315,2877,0,0.24445,23484.3742607032,6261.37618355204,0,29745.7504442553,27324.1647887032,9479.13679955204,0,36803.3015882553,36803,20007.4067821705,25135.9754852309,10347.6457699987,25135.9754852309,11114.5101199987,0,36250.4856052296,36471.6119984399,6725.86155418457,0.0560365275882233,120026.38,33376.1586966856,34747.0158533135,5001.26540905819,0.0416680517154494
"3","ARENDALS FOSSEKOMPANI ASA",10,910261525,2016,102016,8.24482579412843,1171.05365223077,0,0,1149,0,0,0,0,0,2609.84,0,0,554,0,0,0,0,0,0,360,3235,0,0.24785,104.651960273186,2651.13570818886,0,2755.78766846205,104.651960273186,2804.59430018886,0,2909.24626046205,2909,2070.31922802489,104.651960273186,835.008777511584,104.651960273186,1697.29802751158,0,1801.94998778477,2244.86849685568,-510.919171606366,-0.195766472889666,2609.84,1739.45094933177,2207.36907378388,-548.418594678166,-0.21013494876244
"4","AUSTEVOLL KRAFTLAG SA",16,959254893,2016,162016,17853.7235496679,0,0,17946,0,0,131,0,0,61616.06,0,0,4336,0,0,119,0,0,0,0,9617,0,0,0.24785,25862.0220906163,0,0,25862.0220906163,29485.0464186163,0,0,29485.0464186163,29485,20368.2969996679,24638.570481255,0,24638.570481255,0,0,24638.570481255,26577.1608561995,715.138765583208,0.0116063695988223,61616.06,23163.0223621127,25691.8319847141,-170.190105902173,-0.00276210627395151
"5","BALLANGEN ENERGI AS",18,971592117,2016,182016,10629.1487662648,708.681870809675,0,10880,728,0,570,170,0,59229.43,938.29,0,5385,103,0,150,0,0,0,0,3409,111,197.42,0.24445,18094.9456015235,1056.76605080015,0,19151.7116523236,21577.6360855235,1111.93750280015,0,22689.5735883236,22690,12938.2946370744,21568.0808788326,990.491350126681,21773.5043923461,1020.07840012668,0,22793.5827924728,22751.9791108131,3600.26745848948,0.0598371927420464,60167.72,21352.7187372397,21887.4606776733,2735.74902534967,0.0454687168692725
"6","BINDAL KRAFTLAG SA",22,953181606,2016,222016,5258.8889106599,0,0,5386,0,0,122,0,0,33416.86,0,0,1596,0,0,0,0,0,0,0,1600,0,0,0.24445,7694.79129531883,0,0,7694.79129531883,9659.70266331883,0,0,9659.70266331883,9660,5772.0089106599,10091.5304133459,0,10091.5304133459,0,0,10091.5304133459,9918.79931333506,2224.00801801623,0.0665534708532229,33416.86,9291.28150225612,9438.64996668121,1743.85867136237,0.0521849949804491
"7","NORGESNETT AS",32,980234088,2016,322016,124705.090290193,6705.90571193681,0,116209,6385,0,10069,0,0,1083725.96,31716.02,0,67603,1800,0,209,0,0,0,0,150631,4558,9094.71,0.2577895238,249729.259443918,10086.1428686182,0,259815.402312536,313452.345891918,11951.0448446182,0,325403.390736536,325403,181486.094411128,322427.216627247,5322.75515380082,331890.631086706,6537.69005380082,0,338428.321140507,333218.348978919,73402.9466663824,0.0658061539573599,1115441.98,311716.319178658,317191.14780181,57375.7454892733,0.0514376780845861
"8","DRANGEDAL EVERK KF",35,971028440,2016,352016,13414.9169227537,0,0,13422,0,0,628,0,0,64928.86,0,0,4289,0,0,0,0,0,0,0,5551,0,493.56,0.24785,20567.7691167212,0,0,20567.7691167212,24385.5860847212,0,0,24385.5860847212,24386,15418.7322727537,22210.628709491,0,22724.1978986802,0,0,22724.1978986802,23388.7531730965,2820.9840563754,0.0434473061189646,64928.86,21169.3166347523,22455.8244147398,1888.05529801869,0.0290788302461908
"9","AS EIDEFOSS",37,911305631,2016,372016,35238.7561131437,5953.74254282128,0,37252,6377,0,1854,0,0,206911.63,51997.83,0,11776,4001,0,0,0,0,0,0,20201,23014,0,0.2766,56248.1157808856,16413.452630368,0,72661.5684112536,68414.5196248856,19470.925034368,0,87885.4446592536,87885,54999.7676559649,74373.6893802682,12949.5286331918,74373.6893802682,19083.9103331918,0,93457.59971346,91228.7376917774,18567.1692805238,0.0717129813662422,258909.46,87257.3758313885,87508.6033625345,14847.0349512809,0.0573445054934684
"10","ETNE ELEKTRISITETSLAG SA",41,971028513,2016,412016,8429.63784724568,6.60969799121803,0,8582,0,0,316,0,0,35636.84,224.22,0,3019,17,0,0,0,0,0,0,4268,0,493.56,0.24785,13374.2861197742,23.9697593603894,0,13398.2558791345,15469.7323117742,37.1538953603894,0,15506.8862071345,15507,9810.0713452369,12455.1818751314,101.35423639703,12968.7510643206,101.35423639703,0,13070.1053007176,14044.8176632844,646.561784149848,0.0180296339302254,35861.06,12211.3240084141,13529.5488879023,131.293008767752,0.00366115805745152
"11","ISE NETT AS",42,914385261,2016,422016,30828.6711572211,0,0,32277,0,0,1511,0,0,136971.15,0,0,10586,0,0,434,0,0,0,0,14036,0,0,0.24445,48407.6065785736,0,0,48407.6065785736,56461.5101985736,0,0,56461.5101985736,56462,35770.7713572211,43038.1679992289,0,43038.1679992289,0,0,43038.1679992289,48407.5048789668,-0.101699606806505,-0.000000742489252711286,136971.15,39758.0568924938,46439.4382149257,-1968.16836364789,-0.0143692183620265
"12","FINNÅS KRAFTLAG SA",43,944664440,2016,432016,24636.0840235887,0,0,25792,0,0,1388,0,0,178750.81,0,0,10625,0,0,84,0,0,0,0,9748,0,263.23,0.24785,40645.7271815253,0,0,40645.7271815253,51156.2748095253,0,0,51156.2748095253,51156,28440.1258235887,44906.871963624,0,45180.7734501105,0,0,45180.7734501105,47570.9739938764,6925.24681235108,0.0387424639494002,178750.81,40900.1456155708,45002.5972931526,4356.87011162731,0.0243739880766264
"13","FITJAR KRAFTLAG SA",45,971028548,2016,452016,15738.158345207,0,0,16456,0,0,177,0,0,49704.12,0,0,2882,0,0,48,0,0,0,0,4651,0,197.42,0.24785,20901.38965389,0,0,20901.38965389,23823.99190989,0,0,23823.99190989,23824,17067.908695207,22335.6536215774,0,22541.0771350909,0,0,22541.0771350909,23054.2430450106,2152.85339112053,0.0433133790744214,49704.12,21350.7897200952,22340.0705960131,1438.68094212307,0.0289449032016475
"14","FJELBERG KRAFTLAG SA",46,911665670,2016,462016,9721.74954416788,0,0,10432,0,0,321,0,0,32045.28,0,0,2271,0,0,0,0,0,0,0,2165,0,0,0.24785,13433.4332770135,0,0,13433.4332770135,15317.6957410135,0,0,15317.6957410135,15318,10579.3447941679,13601.1073886637,0,13601.1073886637,0,0,13601.1073886637,14287.7427296036,854.309452590105,0.0266594472755459,32045.28,12833.7043344699,13827.3008970873,393.867620073823,0.012290971402772
"15","FORSAND ELVERK KOMMUNALT FØRETAK I FORSAND",52,971031107,2016,522016,7409.55976704053,0,0,7991,0,0,194,0,0,32949.23,0,0,2139,0,0,249,0,0,0,0,1970,0,463.14,0.24785,10679.161737892,0,0,10679.161737892,12616.576461892,0,0,12616.576461892,12617,8091.82426704053,9324.46005252727,0,9806.37599847322,0,0,9806.37599847322,10930.4561838407,251.294445948704,0.00762671679880545,32949.23,9017.32563800409,10457.0259675593,-222.13577033277,-0.00674175907396835
"16","FOSEN NETT AS",53,814943852,2016,532016,27427.7241640734,0,0,27661,0,0,1992,0,0,211825.28,0,0,14544,0,0,439,0,0,0,0,16047,0,0,0.2766,49815.9260404684,0,0,49815.9260404684,62271.2525044684,0,0,62271.2525044684,62271,33858.3243640734,61104.8478529018,0,61104.8478529018,0,0,61104.8478529018,61571.4097135284,11755.48367306,0.0554961318736839,211825.28,56032.1704780292,58527.8032886049,8711.87724813644,0.04112765600091
"17","FUSA KRAFTLAG SA",55,858837162,2016,552016,18083.5436260547,0,0,18594,0,0,612,0,0,79054.72,0,0,4220,0,0,0,0,0,0,0,6820,0,361.94,0.24785,25743.3211985962,0,0,25743.3211985962,30391.7387345962,0,0,30391.7387345962,30392,20385.8806260547,23346.8681784259,0,23723.4814216691,0,0,23723.4814216691,26390.7843468399,647.463148243773,0.00819006313909875,79054.72,21830.321693421,25254.888509891,-488.432688705117,-0.00617841273367507
"18","SUNNFJORD ENERGI AS",56,916501420,2016,562016,61526.8022061451,8708.92925193177,322.400706190769,55614,7341,213,5221,268,0,348325.77,114552.18,5168.17,25457,7084,299,515,0,0,0,0,29231,8705,0,0.2606631432,103559.642013195,18866.5282462793,638.963390574702,123065.133650049,124041.197289195,25602.1964302793,942.851786574702,150586.245506049,150586,85935.6491647029,113728.188107132,17802.1648590331,113728.188107132,20122.4826090331,942.851786574702,134793.52250274,141110.611704063,18045.4780540147,0.0385549143191588,468046.12,123585.006865131,134385.502321498,11320.3686714494,0.0241864384463851
"19","TROLLFJORD KRAFT AS",63,968002228,2016,632016,27897.7498693241,2990.31490460921,0,29612,3005,0,1841,0,0,137802.38,22898.72,0,9001,1450,0,625,0,0,0,0,7920,1103,263.23,0.24445,42445.182787224,4897.21608637781,0,47342.3988736018,50547.962731224,6243.66082237781,0,56791.6235536018,56792,34934.7371239333,41159.5531808616,5471.94365508254,41433.4546673481,5765.94830508254,0,47199.4029724307,51036.2912048991,3693.89233129733,0.0229861048324955,160701.1,43351.0198423003,48727.2613268209,1384.86245321912,0.0086176289597216
"20","HAMMERFEST ENERGI NETT AS",65,982897327,2016,652016,32213.969033024,7590.18830291397,0,33574,7976,0,3391,32,0,142602.91,77539.72,0,8219,3210,0,518,0,0,0,0,11662,8489,0,0.24445,48824.7946681073,13509.701842977,0,62334.4965110843,57209.8457761073,18069.037378977,0,75278.8831550843,75279,48153.069285938,48694.6527324101,13499.9334108223,48694.6527324101,15762.6763608223,0,64457.3290932324,68785.9507179731,6451.45420688885,0.0293057923714678,220142.63,59185.4723136924,65622.8366502492,3288.34013916488,0.014937316498694
"21","HELGELAND KRAFT AS",71,844011342,2016,712016,211467.910126148,42662.3548334878,0,194700,41850,0,19611,1546,0,872333.97,703912.43,0,62794,29060,0,2549,853,0,0,487,64611,78995,0,0.24445,323409.665408385,97224.6962714935,0,420634.361679878,374702.902844385,138614.747155494,0,513317.649999878,512831,310878.751659635,288410.39188633,79395.523143492,288410.39188633,100965.169576371,0,389375.561462701,438952.396877572,18318.0351976936,0.0116213018457607,1576246.4,351628.46418279,416304.138509625,-4330.22317025298,-0.00274717402701315
"22","HEMNE KRAFTLAG SA",72,947537792,2016,722016,19548.2365940397,0,0,20553,0,0,399,0,0,70241.46,0,0,5450,0,0,44,0,0,0,0,5141,0,0,0.2766,27848.6303034374,0,0,27848.6303034374,31978.8281514374,0,0,31978.8281514374,31979,21369.2371940397,27989.8531435387,0,27989.8531435387,0,0,27989.8531435387,29585.4431466982,1736.81284326079,0.02472632037063,70241.46,26307.7486047414,28576.1804234198,727.550119982385,0.0103578444978562
"23","HURUM ENERGIVERK AS",82,879914752,2016,822016,18652.6354332912,0,0,20432,0,0,1164,0,0,107550.86,0,0,7062,0,0,0,0,0,0,0,9936,0,0,0.2597,30590.3622943328,0,0,30590.3622943328,36914.3528623328,0,0,36914.3528623328,36914,22397.0146332912,33911.34592327,0,33911.34592327,0,0,33911.34592327,35112.5486988952,4522.18640456233,0.0420469571750735,107550.86,31335.7760282599,33567.2067618891,2976.84446755625,0.0276784813022997
"24","HØLAND OG SETSKOG ELVERK SA",84,948067323,2016,842016,13715.964136561,0,0,14442,0,0,818,0,0,90864.65,0,0,5828,0,0,359,0,0,0,0,10307,0,0,0.2597,23889.6302923491,0,0,23889.6302923491,29232.4717123491,0,0,29232.4717123491,29232,17210.692036561,26895.4709549524,0,26895.4709549524,0,0,26895.4709549524,27830.2712579111,3940.64096556202,0.0433682511907769,90864.65,24719.4934029307,26524.6847266981,2635.05443434899,0.028999775318003
"25","ISTAD NETT AS",86,979379455,2016,862016,66477.6331102652,8003.22779882345,0,68828,8851,0,4981,100,0,468469.31,71496.89,0,27702,5301,0,286,0,0,0,582,28502,14532,0,0.2766,110581.123306292,18331.4642318017,0,128912.587538094,138127.118734292,22535.4813638017,0,160662.600098094,160081,92047.0653090886,135815.31704682,18371.1712372738,135815.31704682,22858.3801174294,0,158673.69716425,159469.258337787,30556.6707996936,0.056589969519747,539966.2,145742.878302894,151710.767020974,22798.1794828803,0.0422214936469732
"26","JÆREN EVERK KOMMUNALT FORETAK I HÅ",88,882023702,2016,882016,23823.9193675041,362.055468413299,0,20979,317,0,2027,0,0,149587.06,22248.28,0,8635,1297,0,129,0,0,0,0,8807,1760,1020.02,0.24785,38213.4019482189,2147.9063343969,0,40361.3082826158,47009.1210762189,3456.1051983969,0,50465.2262746158,50465,28832.0057859174,41357.8826859223,3466.20322266467,42419.2548480844,3935.33122266467,0,46354.5860707491,47998.8421522958,7637.53386967995,0.0444468167588806,171835.34,42239.5661759493,45529.8302154159,5168.52193280007,0.0300783408861068
"27","KLEPP ENERGI AS",91,977285712,2016,912016,14911.1935854152,0,0,17621,0,0,156,0,0,154199.73,0,0,10403,0,0,1350,0,0,0,0,20826,0,3937.21,0.24785,31839.9711287893,0,0,31839.9711287893,40906.9152527893,0,0,40906.9152527893,40907,20228.9176854152,32942.8546283803,0,37039.6812500019,0,0,37039.6812500019,38586.5748511169,6746.60372232755,0.0437523705283242,154199.73,33346.9894165132,36370.9597510236,4530.9886222343,0.0293838946555503
"28","KRAGERØ ENERGI AS",93,979399901,2016,932016,31713.0063040513,3953.29166454296,0,25746,3450,0,2471,0,0,127065.07,17759.84,0,7719,1801,0,173,0,0,0,0,13526,863,0,0.24785,47336.0940433718,6199.6787242846,0,53535.7727676564,54807.5201593718,7243.9573162846,0,62051.4774756564,62051,41703.6116185943,45617.3248673959,6115.45796750523,45617.3248673959,6345.49061750523,0,51962.8154849012,55998.2802812033,2462.50751354685,0.0170033422672029,144824.91,48494.6267763818,53917.3670560916,381.594288435212,0.00263486639442905
"29","KRØDSHERAD EVERK KF",95,971030658,2016,952016,10032.1549610815,0,0,10016,0,0,655,0,0,28085.07,0,0,2039,0,0,0,0,0,0,0,4797,0,0,0.2597,14577.8480789687,0,0,14577.8480789687,16229.2501949687,0,0,16229.2501949687,16229,11932.9358610815,15269.2700598564,0,15269.2700598564,0,0,15269.2700598564,15653.2621139013,1075.4140349326,0.0382913069090661,28085.07,14596.7039753895,15249.7224632212,671.874384252438,0.0239228310362922
"30","KVAM KRAFTVERK AS",96,979599684,2016,962016,22438.4648,0,0,24514,0,0,652,0,0,140943.48,0,0,8576,0,0,187,0,0,0,0,8489,0,131.61,0.24785,35177.9690042223,0,0,35177.9690042223,43465.4456282223,0,0,43465.4456282223,43465,25194.46345,39781.2194150774,0,39918.1649556179,0,0,39918.1649556179,41337.0772246597,6159.10822043737,0.0436991354295876,140943.48,36542.9266359433,39311.9342328549,4133.96522863259,0.0293306595568137
"31","KVINNHERAD ENERGI AS",97,966309202,2016,972016,30434.2769793441,0,0,31946,0,0,1205,0,0,142123.16,0,0,8230,0,0,306,0,0,0,0,8627,0,921.31,0.24669,43875.5535375468,0,0,43875.5535375468,52232.3953455468,0,0,52232.3953455468,52232,33767.4716093441,41234.4367230009,0,42193.0971284063,0,0,42193.0971284063,46208.8164152625,2333.26287771565,0.0164171896945976,142123.16,38789.608469369,44166.7232198401,291.169682293272,0.00204871382182377
"32","KVÆNANGEN KRAFTVERK AS",98,913680294,2016,982016,0,223.937475064121,620.599675323063,0,223,616,0,2014,0,0,10948.4,3980.41,0,677,366,0,0,0,0,0,0,0,0,0.24445,0,3008.78505231548,1020.40666152743,4029.19171384292,0,3652.55097231548,1254.45476952743,4907.00574184292,4907,2858.53715038718,0,3652.55097231548,0,3652.55097231548,1254.45476952743,4907.00574184292,4907.00574184292,877.814028,0.0588,14928.81,4549.49866468588,4692.50149554869,663.309781705776,0.0444315241272262
"33","LUOSTEJOK KRAFTLAG SA",103,938260494,2016,1032016,30006.7702025953,1654.81171612353,0,30166,1689,0,2818,1488,0,90909.09,56160.04,0,5077,2089,0,0,0,0,0,0,6958,1274,0,0.24445,41505.2783957854,5721.86612576198,0,47227.1445215474,46850.7328877854,9024.07647776198,0,55874.8093655473,55875,37979.8943187188,32974.155298698,7085.08525356491,32974.155298698,7424.66995356491,0,40398.8252522629,46589.2188975767,-637.925623970688,-0.00433759024732579,147069.13,36876.8931755382,44476.0596515418,-2751.08487000552,-0.0187060661200996
"34","LUSTER ENERGIVERK AS",104,933297292,2016,1042016,13442.6631564171,0,0,13959,0,0,1607,0,0,42024.08,0,0,3247,0,0,246,0,0,0,0,7794,0,164.52,0.24669,21171.5876575554,0,0,21171.5876575554,23642.6035615554,0,0,23642.6035615554,23643,16972.3650164171,23423.29661135,0,23594.4863410797,0,0,23594.4863410797,23613.73322927,2442.14557171459,0.0581130050131874,42024.08,22588.1163751538,23009.9112497145,1838.32359215907,0.0437445291404135
"35","LÆRDAL ENERGI AS",106,914078865,2016,1062016,11606.9238421999,958.585145448846,0,12614,938,0,1225,171,0,29216.27,4977.28,0,2120,311,0,526,0,0,0,0,5216,4489,32.9,0.24669,17024.1945934313,2696.27917393686,0,19720.4737673682,18742.1112694313,2988.94323793686,0,21731.0545073682,21731,16355.6354376488,14158.8032179547,2299.74509517485,14193.0370017385,3496.28804517485,0,17689.3250469133,19306.0168310953,-414.456936272931,-0.0121209098286937,34193.55,16870.4763832808,18814.7076329158,-905.766134452417,-0.0264893857014676
"37","MELØY ENERGI AS",116,977106184,2016,1162016,24553.5540522037,60,0,23976,60,0,1605,0,0,77983.11,539.34,0,5664,177,0,0,0,0,0,0,7808,474,0,0.24445,35306.391711331,366.613182490272,0,35673.0048938213,39891.798579331,398.326374490272,0,40290.1249538213,40290,28243.0889522037,33287.3403741299,271.981674490272,33287.3403741299,398.326374490272,0,33685.6667486202,36327.4500307006,654.445136879367,0.0083344971645608,78522.45,31805.2535347934,35199.2021024045,-473.802791416718,-0.00603397870821297
"38","GAULDAL NETT AS",119,995350580,2016,1192016,18370.4372027827,0,0,18118,0,0,1264,0,0,78927.46,0,0,7112,0,0,0,0,0,0,0,7867,0,0,0.2766,29895.353501625,0,0,29895.353501625,34536.288149625,0,0,34536.288149625,34536,21810.4494027827,31328.243311362,0,31328.243311362,0,0,31328.243311362,32611.4612466672,2716.10774504217,0.0344127094048404,78927.46,29438.1311368464,31477.3939419579,1582.04044033284,0.0200442335320666
"39","MODALEN KRAFTLAG SA",121,877051412,2016,1212016,1366.06927666862,0,0,1370,0,0,45,0,0,12305.84,0,0,640,0,0,0,0,0,0,0,416,0,0,0.2597,2238.19462618112,0,0,2238.19462618112,2961.77801818112,0,0,2961.77801818112,2962,1519.10447666862,2938.74650997114,0,2938.74650997114,0,0,2938.74650997114,2947.95911325513,709.764487074011,0.0576770449700314,12305.84,2644.05290141411,2771.14294812091,532.948321939797,0.0433085690972576
"40","NORD-SALTEN KRAFT AS",132,995114666,2016,1322016,28227.8864067473,7979.20078362533,0,30986,8433,0,2146,110,0,90845.46,102949.3,0,6849,5913,0,42,0,0,0,0,8070,13069,0,0.24445,40998.6507810448,17924.8668272122,0,58923.517608257,46340.3638290448,23978.2856672122,0,70318.649496257,70319,43630.5157403726,53027.0434306029,20239.8457391827,53027.0434306029,23723.3876891827,0,76750.4311197856,74177.7184703742,15254.2008621172,0.0787131750214359,193794.76,72109.538897569,71393.1831370442,12469.6655287872,0.0643446991486621
"41","YMBER AS",133,914678412,2016,1332016,34587.6007396097,4206.32996770773,0,34993,4269,0,3492,1,0,150642.51,63259.33,0,13539,5898,0,24,0,0,0,0,13020,6424,0,0.24445,57114.7987638097,12046.8263057109,0,69161.6250695207,65972.5783518097,15766.4749097109,0,81739.0532615207,81739,47040.0165073175,69153.4324961195,18583.9368032207,69153.4324961195,20296.2540032207,0,89449.6864993402,86365.4332042124,17203.8081346917,0.0804285186826429,213901.84,84327.2807873703,83291.9897770305,14130.3647075098,0.0660600428098691
"42","NORD-ØSTERDAL KRAFTLAG SA",135,948526786,2016,1352016,46132.9797172573,0,0,47149,0,0,3947,0,0,192455.5,340.37,0,14224,80,0,5,0,0,0,0,14608,80,65.8,0.2597920479,70870.8362379366,101.324,0,70972.1602379366,82187.2196379366,121.337756,0,82308.5573939366,82309,53895.8053168125,71743.9015455522,105.343094671813,71812.3691131198,126.667094671813,0,71939.0362077916,76086.8446822496,5114.68444431302,0.0265290145702448,192795.87,67322.0648636825,73316.6618757841,2344.50163784758,0.012160538697471
"43","NORDKYN KRAFTLAG SA",138,956740134,2016,1382016,13905.5420851484,735.917950189299,0,13932,732,0,434,0,0,26335.75,18942.55,0,2152,1375,0,0,0,0,0,0,6048,8087,0,0.24445,18878.7314267939,4306.59671576381,0,23185.3281425577,20427.2735267939,5420.41865576381,0,25847.6921825577,25848,18530.7607853377,17077.8720551182,4400.87746773414,17077.8720551182,6556.46731773414,0,23634.3393728523,24519.6804967345,1334.35235417677,0.0294700188429506,45278.3,22550.0391043353,23869.1003356242,683.772193066558,0.0151015429701768
"44","ODDA ENERGI AS",146,976723805,2016,1462016,19266.931591976,8517.4775910054,993.561336224957,20686,8940,1049,564,0,0,156841.89,85357.12,34045.08,7034,3174,1018,167,0,0,0,0,6315,14000,2270.38,0.24785,29620.6201826683,15887.1646971302,2065.68530006601,47573.4701798645,38842.9233146683,20906.1633531302,4067.53600406601,63816.6226718645,63817,34377.0432692063,35811.700587041,16919.0006415891,38174.1230194735,20650.7006415891,4067.53600406601,62892.3596651286,63262.064867823,15688.5946879584,0.0567925079879842,276244.09,56277.015428193,59292.8583256616,11719.3881457971,0.0424240321152104
"45","EVENES KRAFTFORSYNING AS",147,914904188,2016,1472016,10786.0147902897,328.770046145174,0,9672,263,0,280,0,0,19769.74,735.28,0,2311,122,0,25,0,0,0,0,1812,320,0,0.24445,14458.9197496724,553.975698464367,0,15012.8954481367,15621.3804616724,597.210162464367,0,16218.5906241367,16219,11915.9522364348,9122.3716699124,687.328622296437,9122.3716699124,772.624622296437,0,9894.99629220884,12424.43402498,-2588.46142315673,-0.126235498583114,20505.02,9403.9531503076,12129.8081398392,-2883.08730829747,-0.140603974455888
"46","OPPDAL EVERK AS",149,915019196,2016,1492016,17664.12391037,0,0,17501,0,0,228,0,0,106328.76,0,0,6959,0,0,184,0,0,0,0,5895,0,0,0.2766,27393.9273987307,0,0,27393.9273987307,33646.0584867307,0,0,33646.0584867307,33646,19522.68091037,31424.3142652069,0,31424.3142652069,0,0,31424.3142652069,32313.0119538164,4919.08455508574,0.0462629730195833,106328.76,28878.0105608037,30785.2297311745,3391.30233244379,0.0318944971468095
"47","ORKDAL ENERGI AS",153,979546386,2016,1532016,14331.5433328118,0,0,14875,0,0,447,0,0,119305.24,0,0,8455,0,0,0,0,0,0,0,10470,0,0,0.2766,26823.1500951313,0,0,26823.1500951313,33838.2982071313,0,0,33838.2982071313,33838,17674.5453328118,33755.6654460013,0,33755.6654460013,0,0,33755.6654460013,33788.7185504533,6965.56845532196,0.0583844301836362,119305.24,30898.6080086088,32074.4840880178,5251.33399288647,0.0440159543108624
"48","PORSA KRAFTLAG AS",156,915231640,2016,1562016,0,185.89595956512,0,0,188,0,0,0,0,0,1145.34,0,0,251,0,0,0,0,0,0,0,0,0,0.24445,0,447.022587712636,0,447.022587712636,0,514.368579712636,0,514.368579712636,514,185.89595956512,0,566.683224110714,0,566.683224110714,0,566.683224110714,545.757366351483,98.7347786388472,0.0862056495353757,1145.34,539.255240517176,529.30057619536,82.2779884827244,0.0718371736626018
"49","RAKKESTAD ENERGI AS",157,968398083,2016,1572016,13879.594755624,0,0,13846,0,0,1000,0,0,80424.28,0,0,5981,0,0,0,0,0,0,0,7690,0,1118.74,0.2597,23706.9916700118,0,0,23706.9916700118,28435.9393340118,0,0,28435.9393340118,28436,16876.687755624,23938.631458475,0,25102.7257827994,0,0,25102.7257827994,26436.0112032843,2729.01953327255,0.0339327816583816,80424.28,23176.768571524,25280.4368765191,1573.44520650734,0.0195643057856078
"50","RAULAND KRAFTFORSYNINGSLAG SA",161,915317898,2016,1612016,12955.1156571521,992.900992869605,0,13124,1001,0,1210,197,0,44613.72,9408.15,0,2697,530,0,0,0,0,0,0,6098,2433,65.8,0.24785,19242.3177559538,2430.49162118556,0,21672.8093771394,21865.6044919538,2983.69084118556,0,24849.2953331394,24849,17469.4250000217,19757.0809613176,2171.02461233181,19825.5485288852,2819.54076233181,0,22645.089291217,23526.771707986,1853.9623308466,0.0343187366680679,54021.87,21351.4027317218,22750.5597722888,1077.75039514948,0.0199502607952941
"51","RAUMA ENERGI AS",162,970974253,2016,1622016,23793.9488292051,264.066486730519,0,24893,276,0,1890,0,0,112020.11,4312.7,0,6623,231,0,0,0,0,0,0,12926,171,0,0.2766,37125.1641695382,555.031481532959,0,37680.1956510712,43711.9466375382,808.618241532959,0,44520.5648790712,44521,29570.6455159356,36460.2959335452,968.566891376014,36460.2959335452,1014.14694137601,0,37474.4428749212,40292.8916765812,2612.69602551001,0.0224588061227956,116332.81,34688.5675854263,38621.3665028842,941.170851813033,0.00809033025002175
"52","KVIKNE-RENNEBU KRAFTLAG SA",163,955664361,2016,1632016,15289.0242659583,0,0,14678,0,0,571,0,0,76073.2,0,0,5687,0,0,0,0,0,0,0,5843,0,18.9,0.2766,23960.4896997175,0,0,23960.4896997175,28433.5938597175,0,0,28433.5938597175,28434,17476.1980659583,23669.5099407311,0,23689.1761569473,0,0,23689.1761569473,25586.9432380554,1626.45353833788,0.021380112028124,76073.2,21867.4162590062,24493.8872992907,533.397599573182,0.00701163615535013
"53","REPVÅG KRAFTLAG SA",164,948755742,2016,1642016,28863.0715585329,3623.17918127466,0,28933,3743,0,1776,312,0,134977.41,37514.43,0,9459,2223,0,713,109,0,0,0,7023,7046,0,0.24445,43614.3596086086,8246.31075847523,0,51860.6703670838,51551.0313166086,10452.1592424752,0,62003.1905590839,62003,38013.4177898076,43891.5285788597,10558.1079237098,43891.5285788597,12436.2192237098,0,56327.7478025696,58597.9249051753,6737.25453809144,0.0390583956788416,172491.84,52197.006400419,56119.4800638849,4258.80969680108,0.0246899198060678
"54","HYDRO ENERGI AS",167,930187240,2016,1672016,133,0,0,133,0,0,8,0,0,11231.2,0,0,440,0,0,0,0,0,0,0,565,0,0,0.24785,739.170210511095,0,0,739.170210511095,1399.5647705111,0,0,1399.5647705111,1400,281.03525,1341.85812772049,0,1341.85812772049,0,0,1341.85812772049,1364.94078483673,625.770574325634,0.0557171606173547,11231.2,1072.89941734999,1203.56555861443,464.395348103337,0.0413486847445809
"55","ROLLAG ELEKTRISITETSVERK SA",168,957896928,2016,1682016,7807.3671515517,0,0,7885,0,0,287,0,0,24835.9,0,0,1615,0,0,0,0,0,0,0,2946,0,0,0.2597,10931.5626338531,0,0,10931.5626338531,12391.9135538531,0,0,12391.9135538531,12392,8859.4433515517,11893.0720373578,0,11893.0720373578,0,0,11893.0720373578,12092.6086439559,1161.04601010284,0.0467486988634533,24835.9,11298.3153208101,11735.7546140273,804.191980174219,0.0323802229906796
"56","RØROS ELEKTRISITETSVERK AS",173,915591302,2016,1732016,18439.2949745293,832.559217887688,0,18943,825,0,617,433,0,60298.01,2491.67,0,5329,236,0,0,0,0,0,0,7455,1037,361.94,0.2597,27401.9139506631,1840.87904237142,0,29242.7929930345,30947.4369386631,1987.38923837142,0,32934.8261770345,32935,22527.226592417,27696.5753776297,1821.45648657445,28073.188620873,2097.86883657445,0,30171.0574574474,31276.5649452823,2033.77195224773,0.0323902264233188,62789.68,28667.4041205488,30374.3729431431,1131.57995010855,0.018021750550545
"57","SANDØY ENERGI AS",181,978664628,2016,1812016,5563.31905222911,0,0,6529,0,0,21,0,0,22476.54,0,0,1441,0,0,1068,0,0,0,0,1023,0,0,0.2766,7601.91123541395,0,0,7601.91123541395,8923.53178741395,0,0,8923.53178741395,8924,5867.28085222911,12697.9607356243,0,12697.9607356243,0,0,12697.9607356243,11188.1891563402,3586.27792092623,0.159556494056747,22476.54,12159.7046978019,10865.2355336467,3263.3242982328,0.145188018183973
"58","HJARTDAL ELVERK AS",183,985834059,2016,1832016,10337.6993000086,0,0,10767,0,0,735,0,0,46126.7,0,0,3207,0,0,214,0,0,0,0,3324,0,0,0.24785,15758.6519498355,0,0,15758.6519498355,18470.9019098355,0,0,18470.9019098355,18471,11896.5527000086,15709.0336764466,0,15709.0336764466,0,0,15709.0336764466,16813.7809698022,1055.12901996665,0.0228745828330804,46126.7,14604.4163830455,16151.0105937615,392.358643925973,0.00850610696030656
"59","SELBU ENERGIVERK AS",184,980498646,2016,1842016,21520.973229098,1317.75712621308,0,21754,1342,0,282,0,0,70649.5,22972.45,0,4572,1041,0,0,0,0,0,0,4173,2174,394.85,0.2766,28671.0675477459,3010.02126110406,0,31681.08880885,32825.2581477459,4360.80132110406,0,37186.05946885,37186,24876.3105553111,21822.4393221773,3340.43811172161,22233.2967546097,3919.91781172161,0,26153.2145663313,30566.3525273388,-1114.73628151121,-0.011906783414693,93621.95,23911.2066834362,29221.1477976017,-2459.94101124825,-0.0262752592874667
"60","SIRA KVINA KRAFTSELSKAP",187,954090493,2016,1872016,1238.5113853759,0,3131.32889520944,1502,0,3629,0,0,0,45637.86,0,2739.12,1721,0,1601,0,0,0,0,0,858,0,0,0.24785,3255.67883166097,0,4902.90712296404,8158.58595462501,5939.18499966097,0,5063.96737896404,11003.152378625,11003,4582.49558058535,5939.18499966097,0,5939.18499966097,0,5063.96737896404,11003.152378625,11003.152378625,2844.566424,0.0588,48376.98,9844.64659541225,10308.0489086974,2149.46295407234,0.0444315241272262
"61","SKJÅK ENERGI KF",194,991077537,2016,1942016,13264.5754611341,0,0,13730,0,0,186,0,0,30514.12,0,0,2767,0,0,21,0,0,0,0,2131,0,98.71,0.2766,17515.7179289349,0,0,17515.7179289349,19309.9481849349,0,0,19309.9481849349,19310,14040.0100611341,14448.7827542177,0,14551.4945109745,0,0,14551.4945109745,16454.8759805586,-1060.84194837624,-0.0347656084585184,30514.12,13820.7588493096,16016.4345835597,-1499.28334537517,-0.0491340843312922
"62","SKÅNEVIK ØLEN KRAFTLAG SA",196,948429209,2016,1962016,14507.1724119758,0,0,15627,0,0,814,0,0,114314.83,0,0,6579,0,0,0,0,0,0,0,7860,0,0,0.24785,24818.5293955076,0,0,24818.5293955076,31540.2413995076,0,0,31540.2413995076,31540,17269.2734119758,25648.4135062712,0,25648.4135062712,0,0,25648.4135062712,28005.1446635658,3186.61526805819,0.027875781891625,114314.83,22910.8637116791,26362.6147868105,1544.08539130295,0.0135073060188512
"63","SOGNEKRAFT AS",197,916069634,2016,1972016,28796.1606387276,5845.81319599761,0,28181,4158,0,2224,476,0,206501.57,51047.42,0,10983,2879,0,990,499,0,0,0,12645,8419,0,0.24669,47032.5099981356,11782.6439111703,0,58815.1539093059,59174.8023141356,14784.2322071703,0,73959.0345213059,73959,42538.2519947252,59432.7728761438,11490.3735910395,59432.7728761438,13734.4580410395,0,73167.2309171832,73483.9523588323,14668.7984495264,0.0569553716732743,257548.99,66999.5868357294,69783.36590996,10968.2120006541,0.0425868958005005
"64","STRANDA ENERGI AS",204,979951140,2016,2042016,15931.661957366,438.9528,0,16738,426,0,386,0,0,74731.92,5886.28,0,3910,279,0,143,0,0,0,0,12792,0,0,0.2766,24520.8908418244,741.864625680934,0,25262.7554675054,28915.1277378244,1087.97788968093,0,30003.1056275054,30003,20294.881957366,25880.1319547496,746.357683016802,25880.1319547496,746.357683016802,0,26626.4896377664,27977.136033662,2714.38056615664,0.0336695754328011,80618.2,24695.888535089,26818.7753720556,1556.01990455019,0.0193010995600273
"65","STRYN ENERGI AS",205,976626192,2016,2052016,19991.3009877994,0,0,23201,0,0,1246,0,0,99441.57,0,0,6795,0,0,2207,0,0,0,0,9386,0,197.42,0.2766,31673.6730885861,0,0,31673.6730885861,37520.8374045861,0,0,37520.8374045861,37521,23833.4685877994,31395.0056139579,0,31600.4291274714,0,0,31600.4291274714,33968.5924383173,2294.9193497312,0.0230780683544236,99441.57,29219.0561286451,32539.7686390215,866.095550435446,0.00870959248164974
"66","SULDAL ELVERK KF",206,971034998,2016,2062016,20826.7465122021,1099.06214353485,0,20499,1001,0,1410,0,0,90737.39,9053.64,0,6317,685,0,63,0,0,0,0,6193,1548,0,0.24785,31396.1837627721,2256.55263306593,0,33652.736395838,36731.5422947721,2788.90666506593,0,39520.448959838,39520,25254.4155057369,32695.1985517938,3013.38079281551,32695.1985517938,3426.00019281551,0,36121.1987446093,37480.8988307008,3828.16243486277,0.0383617889790572,99791.03,33731.4570664856,36047.0538238266,2394.31742798852,0.0239933131062834
"67","SYKKYLVEN ENERGI AS",213,979918224,2016,2132016,11775.4983320915,0,0,12564,0,0,1173,0,0,65592.43,0,0,6103,0,0,397,0,0,0,0,7424,0,460.65,0.2766,21719.3864213567,0,0,21719.3864213567,25576.2213053567,0,0,25576.2213053567,25576,15001.9767320915,24360.4661970587,0,24839.7911970587,0,0,24839.7911970587,25134.3632403779,3414.97681902121,0.052063581407507,65592.43,23269.0191172394,24191.8999924863,2472.5135711296,0.0376951055347332
"68","SØR AURDAL ENERGI AS",214,997712099,2016,2142016,14260.2959737053,0,0,13873,0,0,387,0,0,101595.9,0,0,4831,0,0,4,0,0,0,0,4579,0,98.71,0.2597,21491.3430744971,0,0,21491.3430744971,27465.1819944971,0,0,27465.1819944971,27465,15836.4622737053,25171.6433456983,0,25274.355102455,0,0,25274.355102455,26150.6858592718,4659.34278477475,0.0458615237895895,101595.9,22841.3913725838,24690.9076213491,3199.56454685201,0.0314930479168156
"69","TRØNDERENERGI NETT AS",215,978631029,2016,2152016,226015.097565742,66063.3848965025,0,226477,66323,0,18165,7180,0,1460414.55,553970.86,0,85517,27657,0,11604,1030,0,0,2983,162066,97095,0,0.2766,385944.315266841,133816.419895097,0,519760.735161938,471816.690806841,166389.906463097,0,638206.597269938,635224,392090.415062244,507388.298669036,152824.850445539,507388.298669036,181851.020750014,0,689239.31941905,668826.230559405,149065.495397467,0.0740004840471254,2014385.41,640999.905815629,639882.582397353,120121.847235414,0.0596320081743515
"70","TINFOS AS",222,916763476,2016,2222016,403.2,0,0,967,0,0,0,0,0,2753.26,2185.64,0,175,241,0,475,0,0,0,0,279,972,0,0.24785,674.53165233463,500.0866,0,1174.61825233463,836.42334033463,628.602232,0,1465.02557233463,1465,713.26035,940.830356837876,404.180982272888,940.830356837876,663.267582272888,0,1604.09793911076,1548.46899240031,373.85074006568,0.0756951426563972,4938.9,1485.82382996403,1477.50452691227,302.886274577638,0.0613266667836234
"71","TINN ENERGI AS",223,982173329,2016,2232016,24174.4768439764,0,0,24924,0,0,1399,0,0,162687.77,0,0,10385,0,0,57,0,0,0,0,17833,0,530.64,0.24785,42085.4767814598,0,0,42085.4767814598,51651.5176574598,0,0,51651.5176574598,51652,29993.3858939764,42327.8727786256,0,42880.025211058,0,0,42880.025211058,46388.6221896188,4303.14540815894,0.0264503312582067,162687.77,38984.0663809908,44051.0468915784,1965.57011011856,0.0120818553854329
"72","TROMS KRAFT NETT AS",227,979151950,2016,2272016,167327.635330754,28184.6316759211,6111.51632735461,176481,30577,6244,22860,3014,0,1398824.75,475697.88,68754.74,83336,22048,4795,3059,0,0,0,1485,87933,73967,0,0.24445,307004.057341131,76185.9692422032,11239.4393957708,394429.465979105,389254.952641131,104157.004586203,15282.2181077708,508694.175335105,507209,268559.238334029,387563.437949541,79286.5484577061,387563.437949541,100568.34724934,15282.2181077708,503414.003306653,505526.072118034,111096.606138928,0.057169711258938,1943277.37,456877.446631732,477604.138113081,83174.672133976,0.0428012353861642
"73","TRØGSTAD ELVERK AS",231,978645178,2016,2312016,8706.70437899586,0,0,8677,0,0,175,0,0,45332.84,0,0,2964,0,0,0,0,0,0,0,7011,0,263.23,0.2597,14195.8762037692,0,0,14195.8762037692,16861.4471957692,0,0,16861.4471957692,16861,10702.4610789959,18957.9925938788,0,19231.8940803653,0,0,19231.8940803653,18283.7153265268,4087.83912275763,0.0901739031297759,45332.84,18146.2877173914,17632.3515087425,3436.47530497331,0.075805427257002
"74","TYSNES KRAFTLAG SA",234,848382922,2016,2342016,17808.3337054876,0,0,18043,0,0,565,0,0,79009.27,0,0,4378,0,0,0,0,0,0,0,3608,0,65.8,0.24785,24706.0552925149,0,0,24706.0552925149,29351.8003685149,0,0,29351.8003685149,29352,19267.5765054876,22993.784146664,0,23062.2517142316,0,0,23062.2517142316,25578.0711759449,872.015883430016,0.0110368806524857,79009.27,21170.1803980308,24442.8283862244,-263.226906290456,-0.00333159522028815
"75","HARDANGER ENERGI AS",238,983502601,2016,2382016,29606.1715971459,255.042968488818,0,31163,276,0,1742,86,0,108933.55,17953.76,0,7445,611,0,92,0,0,0,0,14100,1567,493.56,0.24669,44234.9357765887,1387.10669625485,0,45622.0424728435,50640.2285165887,2442.78778425485,0,53083.0163008435,53083,35554.1067956347,49132.6114841451,1926.10379137615,49646.1806733343,2343.78764137615,0,51989.9683147104,52427.1875091637,6805.14503632013,0.0536314075562019,126887.31,48951.3395608835,50604.0102568675,4981.96778402396,0.0392629316834281
"76","UVDAL KRAFTFORSYNING SA",242,967670170,2016,2422016,8055.93595139032,0,0,8460,0,0,60,0,0,35979.23,0,0,2162,0,0,32,0,0,0,0,2346,0,0,0.24669,11344.5394438207,0,0,11344.5394438207,13460.1181678207,0,0,13460.1181678207,13460,8694.67069139032,9924.74116652007,0,9924.74116652007,0,0,9924.74116652007,11338.8919670403,-5.64747678035747,-0.000156964915045638,35979.23,9063.13000289344,10821.9252688643,-522.614174956338,-0.0145254407878195
"77","VANG ENERGIVERK KF",248,871028362,2016,2482016,9925.44724905525,0,0,10935,0,0,682,0,0,49605.14,0,0,3606,0,0,892,0,0,0,0,3662,0,0,0.2473802348,15757.8878400649,0,0,15757.8878400649,18674.6700720649,0,0,18674.6700720649,18675,11513.3536688928,16209.5892975374,0,16209.5892975374,0,0,16209.5892975374,17195.6216073484,1437.73376728348,0.0289835643500549,49605.14,15021.6722021114,16482.8713500928,724.983510027914,0.0146150884772811
"78","VARANGER KRAFTNETT AS",249,971058854,2016,2492016,62801.8857435694,13460.6084506514,0,66266,15859,0,7990,1971,0,459196.5,365466.48,0,21299,14154,0,0,0,0,0,223,27558,15339,0,0.24445,103181.503960971,34722.5348831351,0,137904.038844106,130182.258160971,56211.9639071351,0,186394.222068106,186171,96932.6658442209,107128.532352045,35351.4172269069,107128.532352045,39675.175536829,0,146803.707888874,162639.913560567,24735.8747164607,0.0299951317281888,824662.98,127055.124336708,150790.763429267,12886.724585161,0.015626655855415
"79","VEST-TELEMARK KRAFTLAG AS",251,955996836,2016,2512016,47600.956013283,4749.14902432396,0,47524,4773,0,4237,1072,0,302337.44,65436.89,0,11309,2961,0,0,0,0,0,0,18719,17963,0,0.24785,70901.3239210473,13872.354640945,0,84773.6785619923,88678.7653930473,17720.043772945,0,106398.809165992,106399,66750.738737607,94344.272662105,10194.642904549,94344.272662105,14982.680554549,0,109326.953216654,108155.695596389,23382.017034397,0.0635770773734997,367774.33,100519.692237936,102871.339009159,18097.6604471664,0.0492086015007258
"80","DALANE NETT AS",257,918312730,2016,2572016,50900.3530056679,8907.852919829,0,52143,9179,0,3202,247,0,329629.66,72738.18,0,21119,3516,0,11,0,0,0,0,19137,3377,0,0.24785,83224.9130422739,14066.2584715822,0,97291.1715138561,102607.137050274,18343.2634555822,0,120950.400505856,120950,68837.3008254969,80736.5169145355,11327.5571928178,80736.5169145355,12227.6965428178,0,92964.2134573534,104158.688276754,6867.51676289838,0.0170677576093019,402367.84,83328.5257889865,98377.2756757343,1086.10416187825,0.00269928173652807
"81","ØVRE EIKER NETT AS",264,979497482,2016,2642016,20348.7221086011,0,0,20592,0,0,721,0,0,139164.87,0,0,11879,0,0,0,0,0,0,0,16450,0,0,0.2597,38471.1900368539,0,0,38471.1900368539,46654.0843928539,0,0,46654.0843928539,46654,25341.7871086011,48458.6304481814,0,48458.6304481814,0,0,48458.6304481814,47736.8120260504,9265.62198919649,0.0665801792449236,139164.87,45125.9853199602,45737.2249491177,7266.03491226379,0.0522117033721498
"82","ÅRDAL ENERGI KF",267,971031425,2016,2672016,13060.1000582485,0,0,13572,0,0,238,0,0,62418,0,0,4099,0,0,0,0,0,0,0,6231,0,0,0.2597,19779.066896257,0,0,19779.066896257,23449.245296257,0,0,23449.245296257,23449,14916.2907582485,20877.2585655893,0,20877.2585655893,0,0,20877.2585655893,21906.0532578564,2126.98636159937,0.0340764901406545,62418,19382.5060205446,21009.2017308296,1230.13483457258,0.0197080142678807
"83","SFE NETT AS",269,984882114,2016,2692016,126435.812302615,20979.4907553562,13856.7510624023,115243,19535,12994,13315,1578,738,700667.3,310185.14,289001.4,38898,12918,11586,576,0,0,0,1233,33736,24429,2500.71,0.2766,195068.494377487,44494.0326299828,26965.5124516466,266528.039459116,236267.731617487,62732.9188619828,43958.7947716466,342959.445251116,341726,194224.493120373,181209.554489438,48573.5120012839,183811.644624573,56385.229266459,43958.7947716466,284155.668662679,307677.179298054,41149.1398389378,0.0316567436835343,1299853.84,253027.471099058,289000.260759881,22472.2213007654,0.0172882678107605
"84","DRIVA KRAFTVERK",271,947590618,2016,2712016,0,267.797053692576,0,0,267,0,0,0,0,0,499.95,0,0,23,0,0,0,0,0,0,0,4884,0,0.2766,0,1607.21542004159,0,1607.21542004159,0,1636.61248004159,0,1636.61248004159,1637,1618.71145369258,0,1057.13974392198,0,2358.96994392198,0,2358.96994392198,2070.02695836982,462.811538328236,0.925715648221293,499.95,2346.99741140099,2062.84343885723,455.628018815642,0.91134717234852
"85","SVORKA ENERGI AS",274,919763159,2016,2742016,31872.0544446514,1349.74297965741,0,33279,1493,0,2157,0,0,190124.42,10522.18,0,10750,1226,0,0,0,0,0,0,13131,2767,658.08,0.2766,50102.7893052866,3386.81368458038,0,53489.6029898669,61282.1052012866,4005.51786858038,0,65287.6230698669,65288,39776.1842243088,51248.8153902513,2934.61003672323,51933.5743091703,3672.15388672323,0,55605.7281958935,59478.4861454829,5988.88315561593,0.0298479174609285,200646.6,50800.7518108033,56595.5003144288,3105.89732456183,0.0154794415881547
"86","HALLINGDAL KRAFTNETT AS",275,971589752,2016,2752016,59388.1981928336,6829.72885827289,0,64423,7048,0,4690,0,0,236259.2,59848.56,0,19817,3805,0,0,0,0,0,0,37500,3200,0,0.24669,97316.1130933371,11859.7363447158,0,109175.849438053,111208.154053337,15378.8316727158,0,126586.985726053,126587,80948.2100511065,113815.728046805,11351.5760879784,113815.728046805,12204.5360879784,0,126020.264134783,126246.952771291,17071.1033332381,0.0576516580762292,296107.76,118929.235459281,121992.33556599,12816.4861279371,0.0432831822034554
"87","USTEKVEIKJA KRAFTVERK DA",287,971040246,2016,2872016,0,0,0,0,0,0,0,0,0,0,274.72,0,0,273,0,0,0,0,0,0,0,0,0,0.2597,0,273,0,273,0,289.153536,0,289.153536,289,0,0,323.485512097868,0,323.485512097868,0,323.485512097868,309.752721658721,36.7527216587207,0.133782475461272,274.72,316.90666594492,305.805413966952,32.8054139669522,0.119413999588498
"88","KRAFTVERKENE I ORKLA DA",288,947576283,2016,2882016,0,411.947563567876,0,0,385,0,0,0,0,0,13470.37,0,0,4131,0,0,0,0,0,0,0,9744,0,0.2766,0,7162.65148687507,0,7162.65148687507,0,7954.70924287507,0,7954.70924287507,7955,3107.13796356788,0,8194.84451424078,0,10792.1077142408,0,10792.1077142408,9657.1483256945,2494.49683881942,0.185183988176971,13470.37,10469.5265703369,9463.59963935216,2300.94815247709,0.170815512304197
"89","HYDRO ALUMINIUM AS",294,917537534,2016,2942016,2582,0,0,2626,0,0,3402,0,0,95549.03,0,0,8952,0,0,0,0,0,0,0,4931,0,0,0.246953476,16528.930665417,0,0,16528.930665417,22147.213629417,0,0,22147.213629417,22147,7201.727590156,22147.213629417,0,22147.213629417,0,0,22147.213629417,22147.213629417,5618.282964,0.0588,95549.03,19859.0570757137,20774.319697195,4245.38903177806,0.0444315241272262
"90","GUDBRANDSDAL ENERGI NETT AS",295,916319908,2016,2952016,49648.3061677832,3727.85243378407,0,55033,3823,0,5625,415,0,257927.74,39439.49,0,9741,2155,0,5280,0,0,0,0,21127,11627,0,0.2597,73578.3255480084,9616.9272815441,0,83195.2528295525,88744.4766600084,11935.9692935441,0,100680.445953553,100680,67922.3724015673,91911.4698606604,11063.0227974605,91911.4698606604,14162.1996474605,0,106073.669508121,103916.380086294,20721.127256741,0.0696819459788525,297367.23,98952.4797254399,99643.6662166849,16448.4133871324,0.0553134701060787
"91","VALDRES ENERGIVERK AS",306,953681781,2016,3062016,31619.4052752485,0,0,34564,0,0,1284,0,0,226070.32,0,0,13287,0,0,0,0,0,0,0,17683,0,65.8,0.2597,52678.3208542188,0,0,52678.3208542188,65971.2556702188,0,0,65971.2556702188,65971,37495.6803752485,64232.6019505361,0,64301.0695181037,0,0,64301.0695181037,64969.1439789497,12290.8231247309,0.054367256722293,226070.32,58887.2596206533,61720.8580404795,9042.53718626068,0.0399987808495192
"92","NORDMØRE ENERGIVERK AS",311,960684737,2016,3112016,75704.9867976472,21098.6949626521,0,80006,21824,0,2784,907,0,443265.77,336387.57,0,33174,14940,0,382,0,0,0,0,37875,19804,131.61,0.2766,125995.439975419,43410.5666838062,0,169406.006659225,152059.467251419,63190.1557998062,0,215249.623051225,215250,116448.693160299,130980.532779505,58778.7616986633,131117.478320045,64057.5178986633,0,195174.996218709,203204.846951715,33798.8402924901,0.0433511133197866,779653.34,176504.279210513,192002.416746798,22596.4100875726,0.0289826374470128
"93","HEMSEDAL ENERGI KF",343,971030569,2016,3432016,10170.244923139,2614.34047998425,0,10167,2626,0,958,0,0,81957.46,23719.85,0,7605,1252,0,0,0,0,0,0,4456,440,0,0.24669,20513.8506851945,4126.03791469157,0,24639.8885998861,25332.9493331945,5520.76509469157,0,30853.7144278861,30854,14950.3796431232,23957.8260090435,2875.07201158757,23957.8260090435,2992.35401158757,0,26950.1800206311,28511.5937835331,3871.70518364699,0.036637052775539,105677.31,24419.4768889067,26993.1719044984,2353.28330461235,0.0222685769027651
"94","NOTODDEN ENERGI NETT AS",349,966731508,2016,3492016,34359.9625203439,11.8590059770107,0,31514,0,0,651,0,0,181577.8,7291.19,0,10683,419,0,103,0,0,0,0,10300,3400,0,0.24785,50337.5683433051,1337.77502186681,0,51675.3433651719,61014.3429833051,1766.49699386681,0,62780.8399771719,62781,38418.3665263209,46355.9735984613,1041.47709954417,46355.9735984613,1947.74709954417,0,48303.7206980054,54094.568409672,2419.22504450013,0.0128090113919714,188868.99,43780.7881547885,51380.8088837419,-294.534481430026,-0.00155946448080241
"95","LOFOTKRAFT AS",354,986347801,2016,3542016,69202.2660242224,4162.29528454713,0,73823,4033,0,4981,698,0,659588.58,221480.88,0,30924,14120,0,1905,0,0,0,0,20808,16471,0,0.24445,114625.344103111,23625.6774527925,0,138251.021555903,153409.152607111,36648.7531967925,0,190057.905803903,190058,88156.4128587696,138868.930106961,23426.0750041733,138868.930106961,27816.4200541733,0,166685.350161134,176034.372418242,37783.3508623385,0.0428835098453401,881069.46,145585.974697387,163374.747139994,25123.7255840906,0.0285150339725663
"96","NORE ENERGI AS",373,984653360,2016,3732016,9572.12473004676,0,0,9913,0,0,142,0,0,43594.63,0,0,2427,0,0,0,0,0,0,0,2288,0,0,0.24669,13278.1865880512,0,0,13278.1865880512,15841.5508320512,0,0,15841.5508320512,15842,10278.5514500468,14665.980894841,0,14665.980894841,0,0,14665.980894841,15136.2088697251,1858.02228167387,0.0426204392989198,43594.63,13622.0002459451,14509.8204803876,1231.63389233637,0.028251963426146
"97","AURLAND ENERGIVERK AS",418,975332438,2016,4182016,10662.7763017053,0,0,11034,0,0,996,0,0,44396.57,0,0,3453,0,0,270,0,0,0,0,3396,0,164.52,0.24669,16638.2101074139,0,0,16638.2101074139,19248.7284234139,0,0,19248.7284234139,19249,12496.5355417053,16916.2320598686,0,17087.4217895984,0,0,17087.4217895984,17951.9444431246,1313.73433571069,0.0295908971281044,44396.57,16024.2367148002,17314.0333982457,675.823290831773,0.0152224212553306
"98","HÅLOGALAND KRAFT NETT AS",433,985411131,2016,4332016,56501.7607456437,11680.0443625559,110.472131729688,51505,12159,61,4143,749,0,323173.74,135057.2,2412.89,28605,5773,234,0,0,0,0,869,32162,5676,0,0.24445,101068.418232881,21297.9525568985,350.490068866714,122716.860858647,120071.034144881,29239.3159168985,492.368000866714,149802.718062647,148934,83302.7763399293,115362.497293042,20035.5301102664,115362.497293042,22464.8064316672,492.368000866714,138319.671725576,142912.890260404,20196.0294017576,0.043843047679066,460643.83,127288.422130081,136294.140503107,13577.2796444605,0.0294745718062922
"99","E-CO ENERGI AS",447,976894677,2016,4472016,0,2218.53418789003,17338.8381864802,0,2276,18159,0,0,0,0,26113.55,95718.71,0,1714,11057,0,0,0,0,0,0,1946,0,0.24669,0,4572.09449034319,29340.3663367165,33912.4608270597,0,6107.57123034319,34968.6264847165,41076.1977150597,41076,20037.4311143702,0,5744.21241435916,0,6262.91871435916,34968.6264847165,41231.5451990756,41169.4062054693,7256.94537840958,0.0595650559089159,121832.26,38313.9720518498,39418.8623171337,5506.40149007407,0.0451965800361421
"100","MØRENETT AS",460,912631532,2016,4602016,148868.12145684,42127.7810532845,-2.57643567979954,147082,42025,-20,13471,4219,0,974485.37,676360.64,5167.16,67975,27826,975,950,0,0,0,736,97110,63504,0,0.2766,264854.461050819,94341.8047578172,972.283213738422,360168.549022374,322154.200806819,134111.810389817,1276.11222173842,457542.123418374,456806,253845.158474445,296430.639693905,119021.877567345,296430.639693905,136724.962152559,1276.11222173842,434431.714068202,443675.877808271,83507.3287858968,0.050426729870691,1656013.17,394774.405271301,419881.49253013,59712.9435077561,0.0360582539979172
"101","VESTERÅLSKRAFT NETT AS",464,968168134,2016,4642016,52541.0447423868,4532.04810040248,0,53957,4872,0,2594,473,0,173994.72,62293.77,0,15692,2642,0,0,0,0,0,0,14963,8900,0,0.24445,77782.7526339007,10285.4007737654,0,88068.1534076662,88013.6421699007,13948.2744497654,0,101961.916619666,101962,65973.4031927893,70906.4114035832,9413.83040101743,70906.4114035832,11786.1254010174,0,82692.5368046007,90400.2887306269,2332.1353229607,0.0098698642619482,236288.49,77034.0276919687,87005.1832630477,-1062.97014461846,-0.00449861161082566
"102","TRØNDERENERGI KRAFT AS",484,878631072,2016,4842016,0,297.640837043316,0,0,247,0,0,0,0,0,51253.46,0,0,2875,0,0,0,0,0,0,0,8293,0,0.2766,0,5399.35388478108,0,5399.35388478108,0,8413.05733278108,0,8413.05733278108,8413,2591.48463704332,0,3119.79718192161,0,5330.29633192161,0,5330.29633192161,6563.4007322654,1164.04684748432,0.0227115759108618,51253.46,4102.90615957798,5826.96662885922,427.612744078139,0.00834310003808795
"103","HAUGALAND KRAFT NETT AS",503,915635857,2016,5032016,139957.322533271,54631.503099476,12674.4121662859,119780,50761,11269,10345,3150,0,1051113.06,511946.78,120321.3,55017,30530,14436,2777,694,0,0,1492,89966,49559,0,0.24785,237343.286026586,106198.468705068,27800.8470702859,371342.601801941,299148.733954586,136300.939369068,34875.7395102859,470325.412833941,468833,256831.509049033,291247.182546805,109437.432426316,291247.182546805,124220.660140908,34875.7395102859,450343.582197999,458336.314452376,86993.712650435,0.051677965603461,1683381.14,410030.880040045,434148.693157603,62806.0913556625,0.0373094897306872
"104","LYSE ELNETT AS",511,980038408,2016,5112016,226984.440631252,98488.7922306856,-12.3042974203543,240395,103199,0,14453,1835,0,2391132.58,676606.07,15441.89,137080,49739,1252,18116,3923,0,0,864,171972,77908,19491.03,0.24785,437307.420826476,177179.775885339,1239.02542956842,615726.222141383,577906.016530476,216964.212801339,2147.00856156842,797017.237893383,796153,404545.686564517,571235.330268999,203773.344340969,591516.537160891,225450.787888829,2147.00856156842,819114.333611288,810275.495324126,194549.273182743,0.0631001884770403,3083180.54,745279.991610628,765974.89012373,150248.667982347,0.0487317126042665
"105","LYSE PRODUKSJON AS",512,980335216,2016,5122016,661,950,0,661,950,0,0,0,0,8694.08,2647.21,0,569,515,0,0,0,0,0,0,0,0,0,0.24785,1266.00778210117,1516.75097276265,0,2782.75875486381,1777.21968610117,1672.40692076265,0,3449.62660686381,3450,1611,1715.8143008986,1850.24684890032,1715.8143008986,1850.24684890032,0,3566.06114979893,3519.48733262488,736.728577761069,0.0649598571027695,11341.29,3294.46606358038,3356.53028089375,573.771526029937,0.0505913812299956
"106","VOKKS NETT AS",542,882783022,2016,5422016,44749.2142387369,300.492963081329,0,47486,336,0,3202,0,0,233032.25,613.07,0,14291,102,0,538,0,0,0,0,22475,0,921.31,0.2597,70800.4366860937,418.862229552686,0,71219.2989156464,84502.7329860937,454.910745552686,0,84957.6437316464,84958,54088.4647018183,72654.5682856539,454.910745552686,73613.2286910593,454.910745552686,0,74068.139436612,78423.9411546258,7204.64223897933,0.030835808048624,233645.32,68472.9275312678,75066.8140114193,3847.51509577282,0.0164673321758502
"107","BKK NETT AS",566,976944801,2016,5662016,401161.52814375,99212.1625970844,-1023.40673169127,432344,100854,0,50174,5117,0,2794818.47,2504555.58,0,186743,69456,0,27962,0,0,0,1532,246869,126834,28593.73,0.24669,727768.698349977,214820.220100459,-1079.1565147406,941509.761935696,892104.024385977,362088.088204459,-1079.1565147406,1253112.9560757,1251581,648362.077079144,814043.513365587,365506.357158002,843796.448635857,400929.415110921,-1079.1565147406,1243646.70723204,1247433.2067695,305923.444833805,0.0577282226065557,5299374.05,1116740.16026832,1171289.27859127,229779.516655576,0.0433597467337819
"108","EIDSIVA NETT AS",574,981963849,2016,5742016,288073.019250906,66644.1257708221,1586,311041,73290,1586,37717,11964,0,3318441.86,779081.68,2996.67,146784,36635,332,2911,0,0,0,1872,180863,221041,0,0.2597,538004.813124165,180251.027304236,2004.39688715953,720260.237315561,733129.194492165,226061.030088236,2180.60108315953,961370.825663561,959499,512230.613821728,830875.122844466,192424.476988654,830875.122844466,253316.93219235,2180.60108315953,1086372.65611998,1036371.92393741,316111.686621849,0.0770906300744336,4100520.21,988175.613281298,977453.698234203,257193.460918642,0.0627221542016597
"109","FLESBERG ELEKTRISITETSVERK AS",578,982677386,2016,5782016,14272.119819247,0,0,14483,0,0,686,0,0,75081.38,0,0,4746,0,0,0,0,0,0,0,3212,0,32.9,0.2597,21365.5587921958,0,0,21365.5587921958,25780.3439361958,0,0,25780.3439361958,25780,15792.276219247,21456.8067919346,0,21491.0405757184,0,0,21491.0405757184,23206.7619199093,1841.20312771355,0.0245227662000026,75081.38,19693.0322473441,22127.9569228848,762.398130688987,0.0101542903272288
"110","MIDTKRAFT AS",591,980283976,2016,5912016,30372.0010259272,2523.60962217611,0,33662,2647,0,1317,0,0,226622.79,49005.2,0,15803,2224,0,426,0,0,0,0,18564,1379,0,0.2597,54148.133010282,5252.65496988221,0,59400.7879801642,67473.553062282,8134.16072988221,0,75607.7137921642,75608,39391.8077481033,67470.1954385203,5856.44978000509,67470.1954385203,6224.02223000509,0,73694.2176685254,74459.6161179809,15058.8281378167,0.0546346114479037,275627.99,67093.6274615651,70499.2619938048,11098.4740136405,0.0402661355751298
"111","NESSET KRAFT AS",593,981375521,2016,5932016,13206.2082955996,0,0,14427,0,0,360,0,0,33558.26,0,0,2567,0,0,495,0,0,0,0,3446,0,0,0.2766,17785.7385331451,0,0,17785.7385331451,19758.9642211451,0,0,19758.9642211451,19759,14519.3718955996,17119.3817686203,0,17119.3817686203,0,0,17119.3817686203,18175.2147496302,389.476216485076,0.0116059717185896,33558.26,16315.7466867165,17693.0337004879,-92.7048326571967,-0.0027625041541843
"112","SUNNDAL ENERGI KF",599,971029102,2016,5992016,17737.2914740223,0,0,18181,0,0,441,0,0,80592.95,0,0,6910,0,0,0,0,0,0,0,7040,0,427.75,0.2766,27948.9156291956,0,0,27948.9156291956,32687.7810891956,0,0,32687.7810891956,32688,20125.5554740223,28465.3295274459,0,28910.4207436621,0,0,28910.4207436621,30421.3648818755,2472.4492526799,0.0306782324344734,80592.95,26980.4243143443,29263.3670242849,1314.45139508923,0.0163097565616997
"113","SKAGERAK NETT AS",611,979422679,2016,6112016,296430.912302895,125497.274362974,0,292570,123283,0,36375,3249,0,2326752.15,1154500.7,0,185921,76516,0,7974,446,0,0,1057,240373,146596,0,0.24785,600420.985055681,252420.161542932,0,852841.146598614,737234.011475681,320304.802702932,0,1057538.81417861,1056482,558519.453315869,800998.817872467,246524.64093008,800998.817872467,286714.384496617,0,1087713.20236908,1075643.4470929,222802.300494283,0.0640006084287393,3481252.85,1004346.039732,1025623.14951065,172782.002912033,0.0496321325559655
"114","NORDVEST NETT AS",613,980824586,2016,6132016,28095.7434142637,0,0,29824,0,0,3322,0,0,216655.1,0,0,14478,0,0,0,0,0,0,0,25606,0,0,0.2766,54386.2058132845,0,0,54386.2058132845,67125.5256932845,0,0,67125.5256932845,67126,38500.3630142637,76634.3304327411,0,76634.3304327411,0,0,76634.3304327411,72830.8085369585,18444.6027236739,0.0851334804658368,216655.1,71445.9911376354,69717.8049598951,15331.5991466105,0.070765004593063
"115","GLITRE ENERGI NETT AS",615,981915550,2016,6152016,152817.894447215,42730.634078505,0,129893,41455,0,10874,2430,0,896761.83,649176.49,0,66233,26641,0,4725,3424,0,0,1163,145319,107889,0,0.2596288664,277425.221938404,104212.053449019,0,381637.275387422,330154.817542404,142383.631061019,0,472538.448603422,471375,275755.634529132,353794.255826702,141672.898829895,353794.255826702,171657.065865498,0,525451.3216922,504286.172456689,122648.897069267,0.0793362163823371,1545938.32,488430.025939339,482073.395004973,100436.11961755,0.0649677405095633
"116","AGDER ENERGI NETT AS",624,982974011,2016,6242016,306331.592762822,83700.6244837393,40,291279,79478,40,53713,4306,0,2920390.76,1361505.25,3086.56,155265,64200,372,6782,1635,0,0,1880,244797,146166,0,0.24785,599425.111286252,197883.718895168,414.178988326848,797723.009169747,771144.087974252,277940.227595168,595.668716326848,1049679.98428575,1047800,546871.396796561,788962.233751601,190353.528978007,788962.233751601,231296.488729369,595.668716326848,1020854.3911973,1032384.62843268,234661.619262931,0.0547637278400716,4284982.57,918239.943410129,970815.959760376,173092.950590629,0.0403952519672978
"117","VOSS ENERGI AS",625,984665776,2016,6252016,36093.0855604902,1842.03256830421,0,39502,1872,0,1576,0,0,222876.7,63715.85,0,15206,1878,0,2063,2,0,0,0,18165,7274,0,0.24669,59747.0185052881,5759.26145490444,0,65506.2799601926,72852.1684652881,9505.75343490443,0,82357.9219001926,82358,45786.6650387944,63642.4292254046,8343.31051226144,63642.4292254046,10282.1952122614,0,73924.624437666,77297.9434226767,11791.6634624841,0.0411443474803657,286592.55,67061.4608710132,73180.0452826849,7673.76532249236,0.0267758716075919
"118","NORDKRAFT NETT AS",637,983099807,2016,6372016,29392.0101063473,8724.5465732455,0,30896,9498,0,2363,834,0,160172.87,72544.26,0,8411,3008,0,1716,1124,0,0,0,21826,4857,0,0.24445,47680.648876753,14370.25786256,0,62050.9067393129,57098.813632753,18635.86035056,0,75734.6739833129,75735,47836.2160295928,50473.2003124683,14181.5923690387,50473.2003124683,15476.2257190387,0,65949.426031507,69863.5252122294,7812.61847291646,0.0335713081066119,232717.13,60376.4419188634,66519.7347446432,4468.82800533028,0.0192028322338381
"119","SVORKA PRODUKSJON AS",652,973058347,2016,6522016,344.713546609806,0,0,334,0,0,0,0,0,3512.78,0,0,185,0,0,0,0,0,0,0,0,0,0,0.2766,548.491716464037,0,0,548.491716464037,755.043180464037,0,0,755.043180464037,755,344.713546609806,755.043180464037,0,755.043180464037,0,0,755.043180464037,755.043180464037,206.551464,0.0588,3512.78,670.9210226701,704.569885787675,156.078169323638,0.0444315241272262
"120","MIDT-TELEMARK ENERGI AS",659,963022158,2016,6592016,25981.6231567113,646.55325251876,0,28570,663,0,845,1481,0,196672.25,6004.45,0,12583,710,0,125,0,0,0,0,18571,1266,789.7,0.24785,45809.3213027442,3270.2668928074,0,49079.5881955516,57373.6496027442,3623.3285528074,0,60996.9781555516,60997,33870.7768592301,57549.1227834543,2857.76623745827,58370.8376483192,3195.21853745827,0,61566.0561857774,61338.4249736871,12258.8367781355,0.0604846870811274,202676.7,56712.4640625718,58426.2696997637,9346.68150421211,0.0461162112083535
"121","STANGE ENERGI NETT AS",669,985294836,2016,6692016,31367.5929344727,782.872964075322,0,34612,793,0,1899,0,0,325769.44,7729.53,0,17370,648,0,1956,0,0,0,0,8166,1183,1974.25,0.2597,54598.9671920978,1788.84839032845,0,56387.8155824262,73754.2102640978,2243.34475432845,0,75997.5550184262,75998,36477.401198548,61677.898060831,3032.85280492508,63732.1852229931,3348.18145492508,0,67080.3666779182,70647.2420141214,14259.4264316952,0.0427570328978683,333498.97,59093.9135045183,65855.3701100815,9467.55452765528,0.0283885570250945
"122","HAFSLUND NETT AS",675,980489698,2016,6752016,932076.773571667,240212.404002238,6207.39824250786,992351,258232,6123,64270,16941,0,5300417.38,3510016.64,6673.07,309864,157414,1328,17527,0,0,0,3429,1004786,340854,0,0.2597,1627416.63264568,522810.12938098,7873.54445027094,2158100.30647693,1939081.17458968,729199.10781298,8265.92096627094,2676546.20336893,2673117,1612599.28381641,2226535.63993652,750698.051864991,2226535.63993652,845168.47933931,8265.92096627094,3079970.0402421,2918600.50549284,760500.1990159,0.0862528027904332,8817107.09,2868822.72275822,2791912.11500251,633811.808525573,0.0718843269176594
"123","STATKRAFT ENERGI AS",685,987059729,2016,6852016,0,0,0,0,0,0,0,0,0,0,4040,1580.65,0,172,392,0,0,0,0,0,0,1400,0,0.24669,0,545.17,392,937.17,0,782.722,484.94222,1267.66422,1268,345.366,0,409.552,0,782.722,484.94222,1267.66422,1267.66422,330.49422,0.0588,5620.65,1133.06393014282,1186.90404608569,249.734046085694,0.0444315241272262
"124","YARA NORGE AS",686,984015666,2016,6862016,10391.217532939,459,0,10140,459,0,0,0,0,32321.01,178.77,0,1438,21,0,0,0,0,0,0,2387,0,0,0.24445,13031.5309255894,505.003891050584,0,13536.53481664,14932.0063135894,515.515567050584,0,15447.52188064,15448,11433.719682939,15530.9106119715,805.879924022639,15530.9106119715,805.879924022639,0,16336.7905359941,15981.0830738525,2444.54825721249,0.0752173786164857,32499.78,15558.5033613267,15514.110769052,1977.57595241203,0.0608489027437119
"125","RINGERIKS-KRAFT NETT AS",693,987626844,2016,6932016,54732.7530061178,0,0,58173,0,0,4915,0,0,401577.01,0,0,21446,0,0,1182,0,0,0,0,31230,0,0,0.2597,92598.9170102895,0,0,92598.9170102895,116211.64519829,0,0,116211.64519829,116212,67758.1840061178,114197.454194628,0,114197.454194628,0,0,114197.454194628,115003.130596093,22404.2135858033,0.0557905782151306,401577.01,104580.704895886,109233.081016847,16634.1640065577,0.0414221023423568
"126","NTE NETT AS",699,988807648,2016,6992016,193271.704148459,60496.8321563236,0,184836,59666,0,20951,7706,0,1478877.35,558235.08,0,91829,29304,0,5474,0,0,0,2146,98877,65671,0,0.2766,343785.153044563,120882.292612463,0,464667.445657025,430743.141224563,153706.515316463,0,584449.656541025,582304,330085.513104782,487219.137216547,93274.9682111079,487219.137216547,113042.475984843,0,600261.61320139,593936.830537244,129269.384880219,0.063457167594927,2037112.43,551477.945200419,564666.629736662,99999.1840796364,0.0490886917221532
"127","NORDLANDSNETT AS",726,990892679,2016,7262016,103155.790183074,33294.2839551288,0,104456,34222,0,5185,380,0,760383.55,299073.12,0,40853,11959,0,1786,604,0,0,668,60198,54898,0,0.24445,171069.15135217,62799.8367678175,0,233868.988119988,215779.70409217,80385.3362238175,0,296165.040315988,295497,170818.291338203,225771.613338686,67037.8201532551,225771.613338686,82375.2711583135,0,308146.884496999,303354.146824595,69485.1587046072,0.0655856541113731,1059456.67,282775.588495092,288131.36922345,54262.3811034629,0.0512171782385993
"128","MO INDUSTRIPARK AS",743,914780152,2016,7432016,11515.6173650679,11366.2091756952,0,11168,11168,0,0,0,0,43672.4,25881.25,0,3299,2323,0,0,0,0,0,0,201,4829,0,0.24445,15495.5038104412,15595.550053554,0,31091.0538639953,18063.4409304412,17117.367553554,0,35180.8084839953,35181,24111.410040763,24424.3291062326,14455.4978510139,24424.3291062326,15742.6678010139,0,40166.9969072465,38172.521537946,7081.46767395077,0.101813027410506,69553.65,38501.3636707659,37173.1415960577,6082.08773206241,0.0874445515377326
"129","Aktieselskabet Saudefaldene",753,915729290,2016,7532016,0,9483.24817313318,0,0,9703,0,0,0,0,0,48154.78,0,0,3932,0,0,0,0,0,0,0,17268,0,0.24785,0,18534.6307498797,0,18534.6307498797,0,21366.1318138797,0,21366.1318138797,21366,13763.1219731332,0,14775.2118688121,0,19377.9972688121,0,19377.9972688121,20173.2510868391,1638.62033695939,0.0340281969299703,48154.78,18224.8126111642,19481.3402922504,946.709542370663,0.0196597210571965
"130","HERØYA NETT AS",852,998509289,2016,8522016,29642.2046769107,12233.6093592248,0,27777,11662,0,0,0,0,10005.06,25782.27,0,1193,1103,0,0,0,0,0,0,5313,6656,0,0.24785,33866.1352762365,15777.1884589491,0,49643.3237351856,34454.4328042365,17293.1859349491,0,51747.6187391856,51748,44842.3306861355,38348.0356284407,12856.0806975438,38348.0356284407,14630.2374975438,0,52978.2731259845,52486.011371265,2842.68763607932,0.0794327946812273,35787.33,52121.2574798912,51971.801983609,2328.47824842333,0.0650643188084534
"131","STATNETT ROGALAND AS",872,996325458,2016,8722016,0,0,23395.7247283213,0,0,23354,0,0,0,0,0,94919.8,0,0,9765,0,0,0,0,0,0,0,0,0.24785,0,0,34435.2000053505,34435.2000053505,0,0,40016.4842453505,40016.4842453505,40016,23395.7247283213,0,0,0,0,40016.4842453505,40016.4842453505,40016.4842453505,5581.28424,0.0588,94919.8,37743.3961517696,38652.631389202,4217.43138385149,0.0444315241272262
"132","GASSCO AS",900,983452841,2016,9002016,0,0,1444,0,0,1444,0,0,0,0,0,8088.08,0,0,667,0,0,0,0,0,0,0,0,0.24785,0,0,2189.66147859922,2189.66147859922,0,0,2665.24058259922,2665.24058259922,2665,1444,0,0,0,0,2665.24058259922,2665.24058259922,2665.24058259922,475.579104,0.0588,8088.08,2471.55161203745,2549.02720026216,359.365721662935,0.0444315241272262
