"","comp","id","y","id.y","fp_ld_OPEX","fp_rd_OPEX","fp_t_OPEX","ld_opex_2012","rd_opex_2012","t_opex_2012","fp_ld_cens","fp_rd_cens","fp_t_cens","ld_rab.sf","rd_rab.sf","t_rab.sf","ld_dep.sf","rd_dep.sf","t_dep.sf","fp_ld_391","fp_rd_391","fp_t_391","fp_ld_cga","fp_rd_cga","ld_nl","rd_nl","ld_gci.cost","ap.t_2","ld_sum.cost","rd_sum.cost","t_sum.cost","lrt_sum.cost","ld_cost.RC","rd_cost.RC","t_cost.RC","lrt_cost.RC","lrt_cost.RC.ex.nlR.og.cgaR","lrt_cost.cby","ld_cn.cal.RAB","rd_cn.cal.RAB","ld_cn.pre.recal","rd_cn.pre.recal","t_cn.pre.recal","lrt_cn.pre.recal","lrt_RC.pre.recal","lrt_EBIT.pre.recal","lrt_RET.pre.recal","lrt_RAB","lrt_cn.pos.recal","lrt_RC.pos.recal","lrt_EBIT.pos.recal","lrt_RET.pos.recal"
"1","Alta Kraftlag SA",7,2014,72014,41312.2929171669,2995.27064472848,0,39795,2898,0,1288,0,0,202546.41,14572.28,0,13429,1622,0,179,0,0,0,0,28396,0,0,0.27392,64197.2331138657,4790.2671831591,0,68987.5002970248,77139.9487128657,5721.4358751591,0,82861.3845880248,82861,51580.23232,76138.8427387304,7324.11138726082,76138.8427387304,7324.11138726082,0,83462.9541259912,83222.3263108047,14234.8260137798,0.0655624166384747,217118.69,93639.2843748658,89328.1244601294,20340.6241631046,0.0936843537656963
"2","And?y Energi AS",9,2014,92014,12319.7326318763,3694.88534708001,0,14709,4065,0,720,280,0,61317.1,61028.24,0,4425,3017,0,0,0,0,0,0,4538,3026,0,0.27392,19126.2028510361,7828.62629718395,0,26954.82914822,23044.3655410361,11728.3308331839,0,34772.69637422,34773,21845.93088,25005.7529017228,12682.9029225145,25005.7529017228,13292.1275025145,0,38297.8804042373,36887.8067922304,9932.97764401036,0.0811880341663227,122345.34,44032.1936697182,40328.394751519,13373.5656032989,0.109309971293544
"3","Arendals Fossekompani ASA",10,2014,102014,60.5804228544793,397.797585324243,0,45,350,0,0,0,0,32.32,3981.42,0,63,593,0,0,0,0,0,0,538,4848,0,0.24424,235.394879878533,1989.82084672006,0,2225.21572659859,237.460127878533,2244.23358472006,0,2481.69371259859,2482,1710.47664,485.043624689696,619.223690173338,485.043624689696,1595.27153017334,0,2080.31515486303,2240.86657795726,15.6508513586659,0.00389931868000068,4013.74,2268.43872807139,2353.74072188227,128.52499528368,0.0320212558072223
"4","Ask?y Energi AS",14,2014,142014,13690.1560594737,6926.61458805566,0,14219,7157,0,1305,0,0,122528.15,35442.92,0,9280,1853,0,0,0,0,0,0,12523,2938,0,0.24316,27652.8823015692,9771.17958159014,0,37424.0618831594,35482.4310865692,12035.9821695901,0,47518.4132561594,47518,26440.49676,41339.1894772969,7932.92315316763,41339.1894772969,8524.43069316763,0,49863.6201704646,48925.5374047425,11501.4755215831,0.0728074800125309,157971.07,57267.7076678978,53367.9899032024,15943.928020043,0.100929417139753
"5","Austevoll Kraftlag BA",16,2014,162014,17933.1353257387,0,0,18890,0,0,1012,0,0,57466.98,0,0,4229,0,0,410,0,0,0,0,7116,0,0,0.24316,25693.5624445174,0,0,25693.5624445174,29365.7024665174,0,0,29365.7024665174,29366,21222.32656,22390.8697600885,0,22390.8697600885,0,0,22390.8697600885,25180.8028426601,-512.759601857299,-0.00892268224043265,57466.98,25084.3410908407,26796.8856411114,1103.323196594,0.019199254886789
"6","Ballangen Energi AS",18,2014,182014,11102.0442765241,587.743716865995,0,11510,606,0,594,0,0,54493.54,1145.34,0,4003,108,0,139,0,0,0,0,3760,95,197.4,0.27392,17127.1996402831,748.816124021501,0,17876.0157643046,20609.3368462831,822.003350021501,0,21431.3401963046,21431,13626.9616,22436.509989602,1079.30075795806,22643.8592956648,1098.42710795806,0,23742.2864036228,22817.9079206956,4941.89215639095,0.0888208417637261,55638.88,26350.0748789379,24382.5810058846,6506.56524157997,0.116942778890948
"7","Bindal Kraftlag SA",22,2014,222014,6427.56841017704,0,0,6533,0,0,357,0,0,27672.99,0,0,1404,0,0,0,0,0,0,0,1442,0,0,0.27392,8868.11395743457,0,0,8868.11395743457,10636.4180184346,0,0,10636.4180184346,10636,7284.99264,10623.8691473219,0,10623.8691473219,0,0,10623.8691473219,10628.888695767,1760.77473833241,0.0636279179926855,27672.99,11920.8992888256,11407.1067806692,2538.99282323464,0.0917498551199071
"8","Fredrikstad Energi Nett AS",32,2014,322014,53614.1587364573,0,0,54557,0,0,2406,0,0,457058.33,0,0,36015,0,0,0,0,0,0,0,52600,0,8497.5,0.24519,105842.95290436,0,0,105842.95290436,135048.98019136,0,0,135048.98019136,135049,69859.994,125691.520191202,0,134617.309088208,0,0,134617.309088208,134789.977529469,28947.0246251082,0.0633333268974843,457058.33,156039.585121096,147643.343149202,41800.3902448412,0.0914552640247059
"9","Drangedal Elverk KF",35,2014,352014,12152.2795963509,0,0,12753,0,0,222,0,0,59736.45,3209.78,0,3616,309,0,357,0,0,0,0,5216,0,493.6,0.24424,17753.4799706277,309,0,18062.4799706277,21570.6391256277,514.104942,0,22084.7440676277,22085,13891.95584,22720.4319435081,643.124079373162,23238.9102488404,643.124079373162,0,23882.0343282136,23163.1182239792,5100.63825335154,0.0810316718467736,62946.23,26832.3175323063,24933.2881464349,6870.80817580716,0.109153608973995
"10","AS Eidefoss",37,2014,372014,35588.841236768,3180.39994274641,0,30459,2865,0,3067,227,0,175848.07,32208.9,0,14354,2725,0,0,0,0,0,0,16951,8877,0,0.24519,58632.6574032763,8114.73652114137,0,66747.3939244177,69869.3490762763,10172.8852311414,0,80042.2343074177,80042,42950.76732,79140.910054102,11325.2514731242,79140.910054102,13112.4578831242,0,92253.3679372262,87368.9144853028,20621.5205608851,0.0991147788073869,208056.97,102004.97631926,93219.879514523,26472.4855901054,0.127236715934608
"11","Etne Elektrisitetslag",41,2014,412014,8908.54037745693,105.088149562273,0,9077,101,0,540,0,0,31254.45,214.12,0,2500,16,0,0,0,0,0,0,2373,128,493.6,0.24424,12968.0400898719,152.927919918853,0,13120.9680097907,14965.1994448719,166.610187918853,0,15131.8096327907,15132,10328.84424,12473.516841879,160.443678452431,12991.9951472114,186.213918452431,0,13178.2090656638,13959.6492925146,838.681282723832,0.0266513947956272,31468.57,14653.1376440364,14844.6064395382,1723.63842974741,0.0547733319228489
"12","Fauske Lysverk AS",42,2014,422014,20055.6767920994,0,0,19758,0,0,512,0,0,109691.05,0,0,6655,0,0,79,0,0,0,0,7761,0,0,0.27392,29969.3515847696,0,0,29969.3515847696,36978.6096797696,0,0,36978.6096797696,36979,22316.89312,33026.1045307731,0,33026.1045307731,0,0,33026.1045307731,34607.1065903717,4637.75500560207,0.0422801587331151,109691.05,38167.3125499713,37691.8314018906,7722.47981712099,0.0704020958603367
"13","Finn?s Kraftlag",43,2014,432014,20879.670246646,0,0,18811,0,0,1718,0,0,174189.65,0,0,9391,0,0,0,0,0,0,0,8030,0,263.2,0.24316,34897.8783536318,0,0,34897.8783536318,46028.5969886318,0,0,46028.5969886318,46029,22481.5748,41976.121218903,0,42252.5869603201,0,0,42252.5869603201,43762.9909716448,8865.11261801299,0.0508934521540917,174189.65,50416.8376028413,48661.5413571575,13763.6630035257,0.0790153892813134
"14","Fitjar Kraftlag SA",45,2014,452014,15681.7536049714,0,0,16441,0,0,1303,0,0,41396.87,0,0,2782,0,0,93,0,0,0,0,3498,0,394.9,0.24316,21442.4036231575,0,0,21442.4036231575,24087.6636161575,0,0,24087.6636161575,24088,18501.57368,21385.4319027732,0,21800.2355550741,0,0,21800.2355550741,22715.2067795075,1272.80315635,0.0307463621367992,41396.87,23740.5025140804,23879.3669549112,2436.96333175377,0.0588682992640209
"15","Fjelberg Kraftlag SA",46,2014,462014,10064.4209783616,0,0,9905,0,0,801,0,0,28610.27,0,0,1940,0,0,0,0,0,0,0,2237,0,0,0.24316,13877.4543593676,0,0,13877.4543593676,15705.6506123676,0,0,15705.6506123676,15706,11249.94892,12460.0318762942,0,12460.0318762942,0,0,12460.0318762942,13758.2793707236,-119.174988644041,-0.00416546186540851,28610.27,13800.9922331823,14562.8555848564,685.401225488793,0.0239564752618131
"16","Forsand Elverk Kommunalt F?retak i Forsand",52,2014,522014,6543.79659100738,0,0,5785,0,0,610,0,0,32877.52,0,0,2043,0,0,84,0,0,0,0,1312,0,463.4,0.24424,9869.63382207742,0,0,9869.63382207742,11970.5073500774,0,0,11970.5073500774,11971,6631.44288,10883.9838425225,0,11370.7400149111,0,0,11370.7400149111,11610.6469489777,1741.01312690024,0.0529545150272964,32877.52,12911.7059321428,12535.2264993166,2665.59267723921,0.081076452154518
"17","Fosenkraft AS",53,2014,532014,19826.6262227721,0,0,20666,0,0,893,0,0,150240.53,0,0,9945,0,0,43,0,0,0,0,1657,0,0,0.27448,32188.3565896812,0,0,32188.3565896812,41788.7264566812,0,0,41788.7264566812,41789,21970.81336,44481.6505230703,0,44481.6505230703,0,0,44481.6505230703,43404.4808965147,11216.1243068334,0.0746544511446642,150240.53,51523.4084207711,47629.5356351351,15441.1790454539,0.102776388271886
"18","Fusa Kraftlag SA",55,2014,552014,16170.4729502523,0,0,14881,0,0,299,0,0,78515.38,0,0,4570,0,0,0,0,0,0,0,5519,0,361.9,0.24316,23099.6342880967,0,0,23099.6342880967,28116.7670700967,0,0,28116.7670700967,28117,16522.00004,23684.8322364726,0,24064.9726309211,0,0,24064.9726309211,25685.6904065914,2586.05611849468,0.0329369369223543,78515.38,27744.9802640543,27893.6949864713,4794.06069837459,0.0610588740495759
"19","Sunnfjord Energi AS",56,2014,562014,64085.4126090744,13066.2404841674,1214.53997490884,71653,13678,1459,5058,527,0,310363.91,109697.11,6154.94,21226,5892,340,0,0,0,0,0,18826,7675,0,0.24316,98115.9364427675,21811.6711029625,1624.68762978425,121552.295175514,117948.190291767,28821.3164319625,2017.98829578425,148787.495019514,148787,98818.98316,118124.172136745,23134.4985857043,118124.172136745,24679.7063357043,2017.98829578425,144821.866768234,146408.118068746,24855.8228932319,0.0583174381673363,426215.96,164798.564151131,158394.136498484,36841.8413229703,0.086439375294558
"20","Hadeland Energinett AS",62,2014,622014,38311.8641259165,3212,0,34739,3212,0,2779,0,0,229460.89,33024.98,0,13242,2251,0,860,0,0,0,0,16568,3039,0,0.24519,60021.3276412477,6260.35595114559,0,66281.6835923933,74683.8785122477,8370.65217314559,0,83054.5306853933,83055,44677.44033,87703.6426755737,8028.05931785987,87703.6426755737,8639.90118785987,0,96343.5438634336,91027.9385922175,24746.2549998242,0.0942765223888972,262485.87,108646.229084974,98409.5497251416,32127.8661327482,0.122398459516119
"21","Trollfjord Kraft AS",63,2014,632014,22202.679986653,4377.33870646074,0,19988,3977,0,3396,3286,0,90815.16,84587.5,0,6754,3932,0,0,0,0,0,0,7855,4563,263.2,0.27392,35387.6419810717,12932.4476970101,0,48320.0896780817,41190.7307050717,18337.5889470101,0,59528.3196520817,59528,34048.53856,39767.0199943237,14873.1127843599,40043.4857357408,15791.7815743599,0,55835.2673101007,57312.4882468931,8992.39856881137,0.0512671733074707,175402.66,64056.371604213,62245.1508233605,13925.0611452788,0.0793891104346923
"22","Hammerfest Energi Nett AS",65,2014,652014,30276.0506509003,7882.2708780699,0,28880,7693,0,2243,680,0,122560.47,72610.92,0,8691,3132,0,959,0,0,0,0,16111,3536,0,0.27392,46315.3700473661,12895.6998266709,0,59211.0698740369,54146.9840803661,17535.5376146709,0,71682.5216950369,71683,43918.70624,47532.782479137,17615.5808839968,47532.782479137,18327.4837639968,0,65860.2662431338,68189.168423895,8978.09854985808,0.0460010995969137,195171.39,75007.9288408212,73677.7659825075,14466.6961084706,0.0741230367241354
"23","HelgelandsKraft AS",71,2014,712014,170582.541765786,57102.7728129747,0,162069,54202,0,18684,3998,0,826967.8,444992.87,0,58355,35089,0,7605,175,0,0,438,89416,59777,0,0.27392,276417.632762918,112187.539716072,0,388605.172478991,329260.875182918,140622.584109072,0,469883.459291991,469445,272039.94656,288940.796251558,85601.8064717198,288940.796251558,98100.0072564214,0,387040.803507979,420177.865821584,31572.6933425931,0.0248220672912734,1271960.67,446657.46682471,455947.863811622,67342.6913326318,0.052944004418495
"24","Hemne Kraftlag SA",72,2014,722014,19812.9075649496,0,0,18251,0,0,913,0,0,56114.59,0,0,6051,0,0,0,0,0,0,0,3232,0,0,0.27448,28617.9483743927,0,0,28617.9483743927,32203.6706753927,0,0,32203.6706753927,32204,20051.11936,27376.5657595752,0,27376.5657595752,0,0,27376.5657595752,29307.4077259022,689.4593515095,0.0122866326121157,56114.59,30006.6507127415,30885.458697802,2267.51032340932,0.0404085697393373
"25","Hurum Energiverk AS",82,2014,822014,14345.2937265547,0,0,11609,0,0,1104,0,0,94703.66,0,0,6586,0,0,0,0,0,0,0,11039,0,0,0.24519,25141.9539963797,0,0,25141.9539963797,31193.5178703797,0,0,31193.5178703797,31194,15419.65241,30013.4117871365,0,30013.4117871365,0,0,30013.4117871365,30485.4542204338,5343.50022405407,0.0564233760770605,94703.66,34452.1624075328,33148.7045926716,8006.75059629184,0.0845453132042821
"26","H?land og Setskog Elverk",84,2014,842014,16024.844466236,0,0,18518,0,0,582,0,0,80228.34,0,0,5310,0,0,252,0,0,0,0,11078,0,0,0.24519,25102.0519694614,0,0,25102.0519694614,30228.6428954614,0,0,30228.6428954614,30229,21564.21482,26473.8424143369,0,26473.8424143369,0,0,26473.8424143369,27975.7626067867,2873.71063732528,0.0358191461686143,80228.34,30234.1363031725,30231.9389400881,5129.88697062664,0.0639410832958359
"27","Istad Nett AS",86,2014,862014,54938.4595674242,8465.04155982241,0,49226,8102,0,4743,64,0,418215.75,80423.27,0,25693,5278,0,0,0,0,0,487,29596,9545,0,0.27448,94745.1343770327,16736.0012765502,0,111481.135653583,121469.120802033,21875.0482295502,0,143344.169031583,142857,72878.42168,130351.609204065,22275.9127099268,130351.609204065,24712.7350062275,0,155064.344210292,150376.274138809,38895.1384852256,0.0780025969191612,498639.02,178435.502826325,164398.969308428,52917.833654845,0.106124534046383
"28","J?ren Everk Kommunalt foretak i H?",88,2014,882014,21690.7198763515,566.200900971283,0,19169,528,0,1048,0,0,113106.87,24936.9,0,7288,1443,0,0,0,0,0,0,7599,1270,1020,0.24424,32862.2290179909,2297.59181911807,0,35159.820837109,40089.7580109909,3891.05972911807,0,43980.817740109,43981,22911.16456,38821.4137826226,3958.65877434765,39892.8235707892,4214.34787434765,0,44107.1714451368,44056.6299631257,8896.80912601669,0.0644491897462427,138043.77,50577.2684797112,47938.6881838704,12778.8673467613,0.0925711268734644
"29","Klepp Energi AS",91,2014,912014,13920.0820863111,0,0,13463,0,0,419,0,0,132392.82,0,0,8862,0,0,0,0,0,0,0,10588,0,3937.5,0.24424,26157.8585622669,0,0,26157.8585622669,34617.7597602669,0,0,34617.7597602669,34618,16468.01312,32045.3825084538,0,36181.3394113026,0,0,36181.3394113026,35555.9075508883,9398.04898862138,0.0709860926644012,132392.82,42386.5770115285,39279.0501110239,13121.1915487569,0.0991080297916228
"30","Krager? Energi AS",93,2014,932014,24996.409531587,3120.26667242509,0,21586,2826,0,1207,0,0,109022.43,19464.72,0,7301,1750,0,245,0,0,0,0,8677,729,0,0.24424,36755.8915656137,5197.25212183485,0,41953.1436874485,43722.4248426137,6441.04772983485,0,50163.4725724485,50163,27671.32144,40856.5985243741,7016.08029278088,40856.5985243741,7162.84986278088,0,48019.448387155,48877.0580612724,6923.91437382386,0.053887990930018,128487.15,54041.6276437481,52490.3656152283,10537.2219277798,0.0820099280572396
"31","Kr?dsherad Everk KF",95,2014,952014,6223.52009748761,0,0,5980,0,0,500,0,0,26756.92,0,0,2023,0,0,0,0,0,0,0,3705,0,0,0.24519,9877.09775616203,0,0,9877.09775616203,11586.864944162,0,0,11586.864944162,11587,7388.42895,13582.92140491,0,13582.92140491,0,0,13582.92140491,12784.4988206108,2907.40106444878,0.108659780888412,26756.92,14837.0154415068,13536.9552425689,3659.85748640688,0.136781718015634
"32","Kvam Kraftverk AS",96,2014,962014,22811,0,0,22811,0,0,1468,0,0,115106.67,0,0,7162,0,0,0,0,0,0,0,7614,0,131.6,0.24316,34365.4013577578,0,0,34365.4013577578,41720.7175707578,0,0,41720.7175707578,41721,26130.42024,37214.4727226574,0,37352.7055933659,0,0,37352.7055933659,39099.9103843227,4734.50902656488,0.0411314915683416,115106.67,42747.7431544724,42336.9329209865,7971.53156322872,0.0692534286955632
"33","Kvinnherad Energi AS",97,2014,972014,30445.1691496764,0,0,30482,0,0,1014,0,0,123355.34,0,0,8709,0,0,88,0,0,0,0,5814,0,888.4,0.24316,43148.2174848474,0,0,43148.2174848474,51030.6237108474,0,0,51030.6237108474,51031,32821.73224,41260.3395770262,0,42193.5164944842,0,0,42193.5164944842,45728.3593810295,2580.14189618212,0.020916337275566,123355.34,47975.1683541293,49197.3504968165,6049.13301196916,0.0490382744027876
"34","Kv?nangen Kraftverk AS",98,2014,982014,0,155.771043612272,715.691463048442,0,154,707,0,0,0,0,12309.88,4690.44,0,677,362,0,0,0,0,0,0,0,0,0.27392,0,841.767843744532,1119.0273422985,1960.79518604303,0,1628.36917574453,1418.7464582985,3047.11563404303,3047,861,0,1739.67884068739,0,1739.67884068739,1418.7464582985,3158.42529898589,3113.90143300874,1153.10624696572,0.0678285024614665,17000.32,3955.22851595697,3591.98336319139,1631.18817714837,0.0959504395886881
"35","Lier Everk AS",102,2014,1022014,20987.5341634419,0,0,17668,0,0,2694,0,0,98811.33,0,0,9897,0,0,0,0,0,0,0,26894,0,0,0.24519,40341.0533505901,0,0,40341.0533505901,46655.0973375901,0,0,46655.0973375901,46655,26956.13986,48125.4461862506,0,48125.4461862506,0,0,48125.4461862506,47537.3066467864,7196.25329619632,0.0728282201666178,98811.33,52756.7228691125,50316.0726565035,9975.01930591347,0.100950157293839
"36","Luostejok Kraftlag AL",103,2014,1032014,25697.972505997,653.669288892027,0,26360,646,0,2918,269,0,83588.61,51585.75,0,6314,1278,0,50,0,0,0,0,6839,1228,0,0.27392,37938.1672658879,2499.21429210287,0,40437.3815579907,43279.4794448879,5795.54371710287,0,49075.0231619907,49075,32352.71264,34916.2542263544,7236.19484790084,34916.2542263544,7483.42808790084,0,42399.6823142552,45069.8186533494,4632.43709535871,0.0342700871330828,135174.36,48735.2904028093,48871.1835064819,8433.80194849113,0.0623920242603045
"37","Luster Energiverk AS",104,2014,1042014,14259.5538648419,0,0,14714,0,0,852,0,0,42147.3,0,0,3486,0,0,269,0,0,0,0,6334,0,131.6,0.24519,20739.3032031388,0,0,20739.3032031388,23432.5156731388,0,0,23432.5156731388,23433,16850.03346,24066.8184615186,0,24205.0513322272,0,0,24205.0513322272,23896.0370685918,3156.733865453,0.0748976533598357,42147.3,26180.4908666974,25081.300789274,4341.99758613515,0.103019590487057
"38","L?rdal Energi AS",106,2014,1062014,14568.4657951357,1728.59933216218,0,15145,1712,0,2722,0,0,19103.14,5378.25,0,2032,326,0,0,0,0,0,0,4842,2438,32.9,0.24519,21275.9237431774,2645.27982881689,0,23921.2035719943,22496.6143891774,2988.95000381689,0,25485.5643929943,25486,21363.9832,14380.1952636166,2626.41419738935,14414.7534812938,3117.25673738935,0,17532.0102186831,20713.4318884076,-3207.77168358669,-0.131028985020323,24481.39,18679.4504026281,21401.8959987746,-2519.3075732197,-0.102907047893101
"39","L?venskiold Fossum Kraft",108,2014,1082014,1876.86244252304,0,0,1876,0,0,0,0,0,13440.07,0,0,720,0,0,0,0,0,0,0,3076,0,0,0.24424,3324.55464688834,0,0,3324.55464688834,4183.37511988834,0,0,4183.37511988834,4183,2627.28224,3868.35918826063,0,3868.35918826063,0,0,3868.35918826063,3994.36556091171,669.810914023376,0.0498368620121306,13440.07,4498.29386080306,4372.32636443717,1047.77171754883,0.0779587991393522
"40","Mel?y Energi AS",116,2014,1162014,22980.5697805489,-327,0,21128,-327,0,3236,0,0,77583.15,898.9,0,6111,177,0,213,0,0,0,0,8472,500,0,0.27392,35523.6163455503,-68.2213961813843,0,35455.3949493689,40481.1796305503,-10.7816861813843,0,40470.3979443689,40470,26281.61024,33868.0121624787,-111.446686181384,33868.0121624787,-10.7816861813843,0,33857.2304762974,36502.497463526,1047.10251415708,0.0133419363301173,78482.05,37535.6759358231,38709.5647392414,3254.16978987255,0.0414638734573389
"41","Gauldal Nett AS",119,2014,1192014,18533.1320096694,0,0,18179,0,0,1013,0,0,76207.53,0,0,5091,0,0,0,0,0,0,0,7073,0,0,0.27448,27182.6060866238,0,0,27182.6060866238,32052.2672536238,0,0,32052.2672536238,32052,21133.39704,32961.7961055007,0,32961.7961055007,0,0,32961.7961055007,32597.9845647499,5415.3784781261,0.07106093686708,76207.53,36533.6350509688,34741.0879320308,7558.48184540696,0.0991828739943017
"42","Modalen Kraftlag BA",121,2014,1212014,1302.73554589052,0,0,1276,0,0,103,0,0,11717.01,0,0,739,0,0,0,0,0,0,0,1110,0,0,0.24316,2448.64475440909,0,0,2448.64475440909,3197.36169340909,0,0,3197.36169340909,3197,1648.9076,4013.25824738311,0,4013.25824738311,0,0,4013.25824738311,3686.8996257935,1238.25487138441,0.105680107073768,11717.01,4562.43327828149,4016.40464433253,1567.75988992344,0.13380204420099
"43","Nord-Salten Kraft AS",132,2014,1322014,34306.0702563398,9342.75591075305,0,41963,9836,0,1736,156,0,70326.3,89104.22,0,7046,7313,0,382,374,0,0,0,7109,14986,0,0.27392,46588.223386205,20376.355436887,0,66964.5788230921,51082.0739562051,26070.115094887,0,77152.1890510921,77152,58987.2624,54762.0177050724,22871.7451008889,54762.0177050724,25888.8764808889,0,80650.8941859613,79251.4121320136,12286.8333089215,0.0770670089323019,159430.52,88123.3859519617,83734.9071916139,16770.3283685218,0.105188946059523
"44","Ymber AS",133,2014,1332014,38193.2654271701,4383.50330017255,0,38272,4397,0,1993,2264,0,143132.15,71271.66,0,12280,5651,0,0,0,0,0,0,14141,6977,0,0.27392,57619.6354013162,14070.4683647957,0,71690.1037661119,66765.7797863162,18624.7274387957,0,85390.5072251119,85391,52710.64256,70834.1396283523,22171.9445185244,70834.1396283523,23576.6239285244,0,94410.7635568767,90802.6610241708,19112.5572580589,0.0891428060819389,214403.81,104459.847664638,96832.1114888276,25142.0077227156,0.117264743209161
"45","Nord-ùsterdal Kraftlag SA",135,2014,1352014,43029.6272712617,0,0,37942,0,0,2464,0,0,180640.52,501.97,0,12588,78,0,0,0,0,0,0,14398,0,65.8,0.24519,63589.809919848,78,0,63667.809919848,75132.7391478479,110.075883,0,75242.8150308479,75243,43936.24562,76179.7018993184,113.899052419304,76248.8183346727,113.899052419304,0,76362.717387092,75914.7564445944,12246.9465247464,0.0676094632725123,181142.49,84852.8469118393,81008.8341594427,17341.0242395948,0.0957314003997339
"46","Nordkyn Kraftlag AL",138,2014,1382014,14863.6610581261,1019.68258659471,0,15014,1010,0,782,496,0,24244.04,21009.01,0,2016,1354,0,0,0,0,0,0,5700,7242,0,0.27392,19707.1302090219,4411.60707793785,0,24118.7372869597,21256.3243650219,5754.08281693785,0,27010.4071819597,27010,20847.07264,17060.8475959017,6250.49384337523,17060.8475959017,7708.52570337523,0,24769.3732992769,25665.7868523501,1547.04956539034,0.0341866363789919,45253.05,26890.379010802,26938.3902792651,2819.65299230536,0.0623085735062135
"47","Odda Energi AS",146,2014,1462014,16295.6413613332,6202.62520975931,797.266115581923,16252,6046,774,668,507,0,101121.2,63245.19,20793.88,6296,1887,305,1062,0,0,0,0,8905,20971,2138.8,0.24424,26027.3336233241,13202.5126438009,1148.31346641028,40378.1597335353,32488.9783033241,17243.8802848009,2477.04239841028,52209.9009865353,52210,30481.91424,32985.2097627608,17567.0268547705,35231.8090323006,21789.1182847705,2477.04239841028,59497.9697154813,56582.7422239029,16204.5824903676,0.0875165200956318,185160.27,68176.4121678136,61789.8076953023,21411.647961767,0.115638457222853
"48","Evenes Kraftforsyning AS",147,2014,1472014,7706.9639175885,502.045219195605,0,8354,597,0,282,0,0,18110.31,996.87,0,1642,166,0,37,0,0,0,0,1471,280,0,0.27392,10386.4613909034,753.414025650339,0,11139.8754165538,11543.7101999034,817.114018650339,0,12360.8242185538,12361,9675.63392,9318.66114189664,922.64975497147,9318.66114189664,979.02215497147,0,10297.6832968681,11122.9396655424,-16.9357510113969,-0.000886355339270204,19107.18,11193.2348212656,11660.2705801809,520.39516362711,0.0272355817879515
"49","Oppdal Everk AS",149,2014,1492014,16377.6597931488,0,0,17341,0,0,634,0,0,93994.64,0,0,6327,0,0,300,0,0,0,0,4293,0,0,0.27448,25180.8415382786,0,0,25180.8415382786,31187.0990342786,0,0,31187.0990342786,31187,18853.34264,30634.9440932374,0,30634.9440932374,0,0,30634.9440932374,30855.8060696538,5674.96453137527,0.0603754057824497,93994.64,35040.4630205304,33499.1174260297,8318.27588775111,0.0884973429096713
"50","Opplandskraft DA",152,2014,1522014,0,1641,0,0,1641,0,0,0,0,0,14756.1,0,0,732,0,0,0,0,0,0,0,15018,0,0.27448,0,5491.3524602864,0,5491.3524602864,0,6434.2672502864,0,6434.2672502864,6434,5763.14064,0,2868.17635647066,0,5891.75029647067,0,5891.75029647067,6108.75707799696,617.404617710561,0.0418406365984617,14756.1,6583.36715720899,6523.72719443995,1032.37473415356,0.0699625737256834
"51","Orkdal Energi AS",153,2014,1532014,14367.9152852245,0,0,14423,0,0,602,0,0,109899.11,0,0,8412,0,0,766,0,0,0,0,8694,0,0,0.27448,25992.4615684751,0,0,25992.4615684751,33015.0146974751,0,0,33015.0146974751,33015,16645.32912,32709.6946094356,0,32709.6946094356,0,0,32709.6946094356,32831.8226446514,6839.36107617634,0.0622330888409956,109899.11,37860.6543790317,35922.398506409,9929.93693793395,0.0903550259682171
"52","Porsa Kraftlag AS",156,2014,1562014,0,215.075449168055,0,0,205,0,0,0,0,0,1652.36,0,0,251,0,0,0,0,0,0,0,0,0,0.27392,0,478.497467950553,0,478.497467950553,0,584.083271950553,0,584.083271950553,584,205,0,573.523727660674,0,573.523727660674,0,573.523727660674,577.747545376626,99.2500774260724,0.0600656499952022,1652.36,650.969667713234,624.215109408162,145.717641457608,0.0881875871224239
"53","Rakkestad Energi AS",157,2014,1572014,13719.1297145488,0,0,14279,0,0,1358,0,0,67693.23,0,0,5313,0,0,14,0,0,0,0,8260,0,1118.7,0.24519,22913.9308783006,0,0,22913.9308783006,27239.5282753007,0,0,27239.5282753007,27240,17648.2694,24046.5709571651,0,25221.655398363,0,0,25221.655398363,26028.8045491381,3114.87367083743,0.0460145522800055,67693.23,28394.4299950273,27932.4693071366,5018.53842883599,0.0741364894072271
"54","Rauland Kraftforsyningslag SA",161,2014,1612014,14096.16018499,1038.7339379582,0,14424,1074,0,739,0,0,32239.2,9924.26,0,2879,543,0,0,0,0,0,0,7710,705,0,0.24424,20117.8071477819,1783.66529034146,0,21901.4724381233,22177.8920277819,2417.82550434146,0,24595.7175321233,24596,18292.2796,19798.2935189044,2002.80977750136,19798.2935189044,2144.74742750136,0,21943.0409464058,23004.1115806928,1102.63914256946,0.0261515336400158,42163.46,23919.2378983826,24189.8297518789,2288.35731375558,0.0542734707672374
"55","Rauma Energi AS",162,2014,1622014,22911.7553314958,302.807890798501,0,23910,321,0,1106,0,0,88142.7,5622.67,0,6281,175,0,0,0,0,0,0,11128,191,0,0.27448,33918.2041563058,533.751063894739,0,34451.9552202005,39550.5226863057,893.039676894739,0,40443.5623632005,40444,28443.83912,37165.6932675291,674.969419021406,37165.6932675291,713.423449021406,0,37879.1167165505,38904.8949752105,4452.93975501003,0.0474902381871903,93765.37,42273.8897829683,41541.7588150612,7089.8035948607,0.0756121753144119
"56","Kvikne-Rennebu Kraftlag AL",163,2014,1632014,16896.750749859,0,0,18172,0,0,145,0,0,76415.59,0,0,4591,0,0,0,0,0,0,0,5367,0,117.7,0.27448,23696.4953673923,0,0,23696.4953673923,28579.4515683923,0,0,28579.4515683923,28579,19790.13416,26610.3408998839,0,26733.9731862243,0,0,26733.9731862243,27472.1645390915,3775.66917169918,0.0494096711377767,76415.59,30315.5638820902,29621.118956611,5924.62358921873,0.0775316082649984
"57","Repv?g Kraftlag SA",164,2014,1642014,31616.5131167846,2934.09400332496,0,30292,2906,0,1431,1306,0,133972.46,39081.95,0,7906,2256,0,318,0,0,0,0,7754,6050,0,0.27392,44412.811984919,7949.42837875161,0,52362.2403636706,52973.652178919,10446.7649837516,0,63420.4171626706,63420,39398.19168,44910.5609091198,11497.0417833855,44910.5609091198,12715.0882833855,0,57625.6491925054,59943.5563805715,7581.31601690085,0.0438088576702602,173054.41,65736.6912551861,64810.1816181799,12447.9412545093,0.0719307947974818
"58","Rissa Kraftlag BA",166,2014,1662014,9067.81218755212,0,0,9277,0,0,901,0,0,48507.27,0,0,3656,0,0,6,0,0,0,0,3961,0,0,0.27448,14991.4179652108,0,0,14991.4179652108,18091.0325182108,0,0,18091.0325182108,18091,11259.21528,18072.755811358,0,18072.755811358,0,0,18072.755811358,18080.0664940992,3088.64852888833,0.0636739302972178,48507.27,20346.28647328,19444.1848912523,4452.76692604149,0.0917958674244395
"59","Norsk Hydro Produksjon AS",167,2014,1672014,89,0,0,89,0,0,0,0,0,12074.55,0,0,401,0,0,0,0,0,0,0,832,0,0,0.24395,662.646894128878,0,0,662.646894128878,1434.21063912888,0,0,1434.21063912888,1434,291.9664,954.590292212679,0,954.590292212679,0,0,954.590292212679,1146.43843097916,483.79153685028,0.0400670448878244,12074.55,1520.52318544517,1485.99816691865,823.351272789774,0.068188982015046
"60","Rollag Elektrisitetsverk SA",168,2014,1682014,7729.66830885695,0,0,7974,0,0,229,0,0,17508.35,0,0,1365,0,0,0,0,0,0,0,2257,0,0,0.24519,10236.0511968676,0,0,10236.0511968676,11354.8347618676,0,0,11354.8347618676,11355,8756.39383,10923.2333243782,0,10923.2333243782,0,0,10923.2333243782,11095.873899374,859.822702506375,0.0491092937087947,17508.35,11743.8478542139,11588.2426172754,1352.19142040777,0.0772312308360163
"61","R?d?y-Lur?y Kraftverk AS",171,2014,1712014,28471.2838937746,0,0,28215,0,0,3055,0,0,115565.21,0,0,6332,0,0,0,0,0,0,0,10069,0,0,0.27392,41683.8565284093,0,0,41683.8565284093,49068.4734474093,0,0,49068.4734474093,49068,34028.10048,51283.2301324158,0,51283.2301324158,0,0,51283.2301324158,50397.3274584132,8713.47093000391,0.0753987374747462,115565.21,56699.7594152728,53647.2450281274,11963.3884997181,0.103520674601968
"62","R?ros Elektrisitetsverk AS",173,2014,1732014,17579.7261724011,999.966761423881,0,16849,1020,0,759,182,0,59737.46,2747.2,0,5117,293,0,0,0,0,0,0,6841,785,361.9,0.27448,25886.6241995279,1699.93857398879,0,27586.5627735167,29703.8478935279,1875.48465398879,0,31579.3325475167,31579,20903.18448,27858.5685459575,1608.95918245186,28238.708940406,1767.00323245186,0,30005.7121728579,30635.1603227214,3048.5975492047,0.0487895356909152,62484.66,32934.3616394176,32392.3500026572,4805.78722914053,0.0769114728181369
"63","Sand?y Energi AS",181,2014,1812014,6698.42127487296,0,0,6985,0,0,0,0,0,21402.91,0,0,1236,0,0,0,0,0,0,0,1594,0,0,0.27448,8642.21908688232,0,0,8642.21908688232,10009.8650358823,0,0,10009.8650358823,10010,7422.52112,11703.6662179257,0,11703.6662179257,0,0,11703.6662179257,11026.1457451083,2383.926658226,0.111383295926862,21402.91,12706.8183668583,11628.0370344679,2985.81794758559,0.139505233054084
"64","Hjartdal Elverk AS",183,2014,1832014,8683.21045650129,0,0,8566,0,0,601,0,0,40493.93,0,0,2432,0,0,0,0,0,0,0,1676,0,0,0.24424,12585.4433840248,0,0,12585.4433840248,15173.0055110248,0,0,15173.0055110248,15173,9576.34624,14286.192891429,0,14286.192891429,0,0,14286.192891429,14640.9179392673,2055.47455524254,0.0507600658973467,40493.93,16184.1391472525,15779.6856927614,3194.24230873666,0.0788820030245683
"65","Selbu Energiverk AS",184,2014,1842014,12207.2966576497,1083.27772237483,0,10420,959,0,563,998,0,66646.87,5279.27,0,4112,542,0,0,0,0,0,0,4203,139,263.2,0.27448,18461.9143361156,2764.12994025821,0,21226.0442763738,22720.6493291156,3101.47529325821,0,25822.1246223738,25822,14131.79216,20962.1020990862,2049.155498764,21238.5678405033,2077.140368764,0,23315.7082092673,24318.2747745099,3092.2304981361,0.0429917481757829,71926.14,26686.8788540735,26340.9771613936,5114.93288501985,0.0711136853030045
"66","Sira Kvina Kraftselskap",187,2014,1872014,1581.4,0,3718.94921262623,915,0,2779,0,0,0,7317.45,0,5972.13,739,0,1601,0,0,0,0,0,737,0,0,0.24424,2560.11643911695,0,5534.74293803328,8094.85937715022,3027.70149411695,0,5916.36204503328,8944.06353915023,8944,3874.00488,3027.70149411695,0,3027.70149411695,0,5916.36204503328,8944.06353915023,8944.06353915023,849.204162000001,0.0639000000000001,13289.58,9566.94476116219,9317.79227235741,1222.93289520718,0.0920219371272216
"67","Skj?k Energi KF",194,2014,1942014,12614.7120152041,0,0,11097,0,0,430,0,0,32589.67,0,0,3076,0,0,98,0,0,0,0,1740,0,98.7,0.24519,17221.281381373,0,0,17221.281381373,19303.761294373,0,0,19303.761294373,19304,11855.6306,15311.4314867764,0,15415.1061398078,0,0,15415.1061398078,16970.5682016339,-250.713179739076,-0.00769302603368109,32589.67,16942.5805577027,17887.0528523708,665.771470997825,0.0204289110935405
"68","Sk?nevik ùlen Kraftlag",196,2014,1962014,13890.9425041101,0,0,12671,0,0,1946,0,0,102205.94,0,0,5806,0,0,0,0,0,0,0,4089,0,0,0.24424,23366.5557849341,0,0,23366.5557849341,29897.5153509341,0,0,29897.5153509341,29898,15615.69736,26338.8503434812,0,26338.8503434812,0,0,26338.8503434812,27762.3163464623,4395.76056152825,0.0430088560560007,102205.94,31129.2320413288,30636.5453651709,7269.98958023683,0.0711307931832224
"69","Sognekraft AS",197,2014,1972014,31809.0752487408,8381.47527717967,0,44201,11248,0,2255,358,0,175487.5,31323.13,0,10397,2343,0,1012,150,0,0,0,11701,5964,0,0.24316,48767.6763983864,12785.3364317308,0,61553.0128301172,59981.3276483864,14786.8844387308,0,74768.2120871172,74768,61195.4214,58579.5247114607,13048.2927528994,58579.5247114607,14249.0248728994,0,72828.5495843601,73604.4145854629,12051.4017553457,0.0582726417657821,206810.63,82521.7421411952,79420.330119564,17867.3172894468,0.0863945788930038
"70","Stranda Energiverk AS",204,2014,2042014,9830.81069009389,280,0,10741,280,0,1998,0,0,45745.93,2154.33,0,3180,78,0,157,0,0,0,0,9817,0,0,0.27448,17653.7638421767,374.171837708831,0,18027.9356798855,20576.9287691767,511.833524708831,0,21088.7622938855,21089,15556.57016,21799.5783726262,525.78556888118,21799.5783726262,525.78556888118,0,22325.3639415073,21830.7232824586,3802.78760257308,0.0793897069154338,47900.26,24570.4441083366,23177.7713825562,5149.83570267064,0.107511644042655
"71","Stryn Energi AS",205,2014,2052014,16570.7424727397,0,0,15604,0,0,673,0,0,83206.83,0,0,5622,0,0,792,0,0,0,0,8989,0,197.4,0.24519,25666.487358236,0,0,25666.487358236,30983.403795236,0,0,30983.403795236,30983,17689.01291,29851.0993301614,0,30058.4486362242,0,0,30058.4486362242,30428.4306998289,4761.94334159289,0.0572301978286265,83206.83,33958.3440392499,32768.3679416444,7101.88058340832,0.0853521349558482
"72","Suldal Elverk KF",206,2014,2062014,15824.9723779063,1307.45531115424,0,17213,1411,0,2187,66,0,79132.49,8541.57,0,5331,691,0,0,0,0,0,0,4676,3419,0,0.24424,25308.6161099537,2831.6432222289,0,28140.2593321826,30365.1822209537,3377.4495452289,0,33742.6317661826,33743,22854.1228,32784.5991116708,3589.4274452398,32784.5991116708,4277.7747152398,0,37062.3738269106,35734.4770026194,7594.21767043678,0.0866187521193472,87674.06,41171.6478319243,38200.0414056276,10059.782073445,0.114740689246569
"73","SKL Nett AS",210,2014,2102014,23134.9780674089,29332.320149953,12928.1418629914,27552,33659,13993,1136,2345,0,143703.81,327644,107580.15,8638,15997,11994,153,128,0,0,440,12129,33313,0,0.24316,36744.3628528766,56658.9654426986,25668.8269061522,119072.155201727,45927.0363118766,77595.4170426986,32543.1984911522,156065.651845727,155626,89453.67672,43428.9713036974,61555.0133449905,43428.9713036974,68727.3325228187,32543.1984911522,144699.502317668,149245.962128892,30173.8069271645,0.0521201410399396,578927.96,171833.795138186,165526.537821203,46454.3826194751,0.0802420781671611
"74","Sykkylven Energi AS",213,2014,2132014,9167.91146365837,0,0,11775,0,0,897,0,0,59871.79,0,0,5757,0,0,3818,0,0,0,0,5738,0,526.5,0.27448,17551.860434476,0,0,17551.860434476,21377.667815476,0,0,21377.667815476,21378,10428.96624,23488.9969272361,0,24042.0334502456,0,0,24042.0334502456,22976.2871963377,5424.42676186178,0.0906007113176636,59871.79,26848.2179737026,24659.997910412,7108.137475936,0.118722648444885
"75","S?r Aurdal Energi AS",214,2014,2142014,11578.404669805,0,0,10839,0,0,553,0,0,79772.83,0,0,4730,0,0,0,0,0,0,0,5602,0,59.2,0.24519,18685.8563608691,0,0,18685.8563608691,23783.3401978691,0,0,23783.3401978691,23783,12765.55438,23958.3279638774,0,24020.5117476612,0,0,24020.5117476612,23925.6431277443,5239.78676687521,0.0656838520944438,79772.83,27759.4559305287,26169.0096374649,7483.15327659575,0.0938057892216654
"76","Tr?nderEnergi Nett AS",215,2014,2152014,230716.887385425,49822.9504778691,0,197772,42399,0,11838,3398,0,1192523.16,515224.23,0,85740,30669,0,4709,553,0,0,1760,153540,97862,0,0.27448,373129.166036831,108503.026036599,0,481632.19207343,449331.395960831,141425.854333599,0,590757.25029443,588997,319149.82096,477351.151657675,143689.415282588,477351.151657675,165253.6232939,0,642604.774951575,621865.765088717,140233.573015287,0.0821161102844882,1707747.39,722646.716169503,669890.929819474,188258.737746044,0.11023804741171
"77","S?rfold Kraftlag SA",218,2014,2182014,14492.6711333986,0,0,13992,0,0,600,0,0,21171.62,0,0,1938,0,0,26,0,0,0,0,2621,0,0,0.27392,18425.6449921784,0,0,18425.6449921784,19778.5115101784,0,0,19778.5115101784,19779,15283.94432,10473.2068824751,0,10473.2068824751,0,0,10473.2068824751,14195.3287335564,-4230.31625862195,-0.199810702186321,21171.62,11465.5184933442,14790.7157000778,-3634.92929210052,-0.171688765059099
"78","Tinfos AS",222,2014,2222014,512,0,0,512,0,0,0,0,0,1779.62,2671.45,0,204,241,0,0,0,0,0,0,186,985,0,0.24424,783.018740381862,439.31005,0,1222.32879038186,896.736458381862,610.015705,0,1506.75216338186,1507,798.00504,968.612707525341,421.863764499995,968.612707525341,620.173814499995,0,1588.78652202534,1555.97277856795,333.643988186084,0.0749581534745767,4451.07,1797.40770650677,1681.14548925681,458.816698874946,0.103080090601798
"79","Tinn Energi AS",223,2014,2232014,26204.6793482648,0,0,23991,0,0,2798,0,0,153605.85,0,0,9888,0,0,0,0,0,0,0,12804,0,530.7,0.24424,43123.0249935656,0,0,43123.0249935656,52938.4388085656,0,0,52938.4388085656,52938,29916.24896,43728.9988724584,0,44286.447082831,0,0,44286.447082831,47747.2437731248,4624.21877955922,0.0301044444567653,153605.85,51485.9371762867,52066.9378291983,8943.91283563265,0.0582263815839869
"80","Troms Kraft Nett AS",227,2014,2272014,153898.856497729,31042.9578991961,5887.45086840631,161856,31303,5726,24672,2458,42,1196285.41,315807.81,73076.53,66612,18924,4574,10935,0,0,0,1248,93597,77952,98.7,0.27392,274158.921599093,71355.9363205,10845.6066704745,356360.464590067,350601.559298093,91536.0553795,15515.1969374745,457652.811615067,456405,262112.70208,389530.932501007,71341.2002756865,389634.607154038,88355.3566266173,15515.1969374745,493505.16071813,479164.221076905,122803.756486838,0.0774704138069993,1585169.75,567801.900793919,523742.265122378,167381.800532311,0.105592350934221
"81","Tr?gstad Elverk AS",231,2014,2312014,9640.50530974484,0,0,10025,0,0,297,0,0,38982.97,0,0,2953,0,0,0,0,0,0,0,6046,0,263.2,0.24519,14679.5182650608,0,0,14679.5182650608,17170.5300480608,0,0,17170.5300480608,17171,11804.41874,19610.8180911905,0,19887.2838326076,0,0,19887.2838326076,18800.5823187889,4121.06405372807,0.105714471055645,38982.97,21714.4115515616,19896.8589501613,5217.34068510044,0.133836408182866
"82","Tysnes Kraftlag SA",234,2014,2342014,19645.188299183,0,0,20060,0,0,678,0,0,70070.77,0,0,4287,0,0,26,0,0,0,0,2137,0,65.8,0.24316,26209.2414582657,0,0,26209.2414582657,30686.7636612657,0,0,30686.7636612657,30687,21231.63292,23141.4456230407,0,23210.5620583949,0,0,23210.5620583949,26201.0426995432,-8.19875872244302,-0.000117006830700491,70070.77,26494.7717057216,28171.5684879393,1962.32702967356,0.0280049302965211
"83","Hardanger Energi AS",238,2014,2382014,30747.8576821186,105.034205969769,0,28608,79,0,1323,0,0,107310.48,5313.61,0,8431,232,0,0,0,0,0,0,10070,1118,329,0.24316,44371.8228883667,568.187560729836,0,44940.0104490965,51228.9625603667,907.727239729836,0,52136.6898000965,52137,32730.47408,49371.705516554,1205.7122211132,49717.2876933254,1430.7991611132,0,51148.0868544386,51543.5280327018,6603.51758360523,0.0586332602874325,112624.09,56426.7661510895,54710.7356106923,9770.72516159578,0.0867551974146542
"84","Uvdal Kraftforsyning AL",242,2014,2422014,6877.8,0,0,7239,0,0,95,0,0,36101.44,0,0,2014,0,0,38,0,0,0,0,1586,0,0,0.24424,9708.13563723705,0,0,9708.13563723705,12015.017653237,0,0,12015.017653237,12015,7683.36464,10060.4183833726,0,10060.4183833726,0,0,10060.4183833726,10842.2580913184,1134.12245408131,0.0314148813477056,36101.44,11752.4890931762,11857.5005172005,2149.36487996348,0.0595368184749273
"85","Vang Energiverk KF",248,2014,2482014,10956.0774234144,0,0,14526,0,0,431,0,0,40769.66,0,0,2835,0,0,3492,0,0,0,0,2718,0,0,0.24519,15423.800897634,0,0,15423.800897634,18028.982171634,0,0,18028.982171634,18029,12131.42642,15698.2897585731,0,15698.2897585731,0,0,15698.2897585731,16630.5667237975,1206.7658261635,0.0295996048572271,40769.66,17609.1594506035,17777.0885390157,2353.2876413817,0.0577215419844487
"86","Varanger Kraftnett AS",249,2014,2492014,64682.2323201423,12374.2172776769,0,65059,12711,0,4921,2211,0,387824.85,264919.97,0,18141,10178,0,268,0,0,0,242,36541,18933,0,0.27392,99084.8823190486,29657.105794912,0,128741.988113961,123866.890234049,46585.491877912,0,170452.382111961,170210,99829.43808,110033.836292506,40505.9787436077,110033.836292506,44573.7367219132,0,154607.573014419,160945.496653436,32203.5085394751,0.0493355252355355,652744.82,185201.654328018,179301.945441595,50559.9573276347,0.0774574623627571
"87","Vest-Telemark Kraftlag AS",251,2014,2512014,47128.2112235507,5417.33806200793,0,47921,5456,0,7820,107,0,257166.2,68302.26,0,14721,3991,0,0,0,0,0,0,14055,21068,32.9,0.24424,75615.0095950231,14075.2383179925,0,89690.2479130156,92047.9297750231,18439.7527319925,0,110487.682507016,110488,69882.44152,97288.8217760241,12710.2754143771,97323.3799937012,16951.8958543771,0,114275.275848078,112760.238511653,23069.9905986376,0.0708824154532136,325468.46,129529.948463101,121913.042080667,32222.7941676513,0.0990043525804352
"88","Dalane energi IKS",257,2014,2572014,39986.7676842981,7238.3499042291,0,42439,7473,0,3929,2501,0,275944.12,19634.4,0,16879,1857,0,1731,0,0,0,0,15178,2678,1645.2,0.24424,66358.0811889997,12679.6286427823,0,79037.709831782,83990.9104569997,13934.2668027823,0,97925.177259782,97925,58972.14944,80699.2400890655,8504.05192493987,82427.361053273,9043.21366493987,0,91470.5747182128,94052.4157348405,15014.7059030585,0.0507976895718217,295578.52,105324.308977542,102364.656290438,23326.9464586557,0.0789196266990433
"89","ùrskog Energi AS",262,2014,2622014,9618.14285715557,0,0,9968,0,0,1385,0,0,64700.6,0,0,4157,0,0,0,0,0,0,0,6293,0,0,0.27448,17052.4298514419,0,0,17052.4298514419,21186.7981914419,0,0,21186.7981914419,21187,13080.30264,24806.9025235016,0,24806.9025235016,0,0,24806.9025235016,23358.8607906778,6306.43093923584,0.0974709807828033,64700.6,27839.4128656575,25178.3669959713,8125.93714452936,0.125592917910025
"90","ùvre Eiker Nett AS",264,2014,2642014,18706.0021403466,0,0,15243,0,0,576,0,0,138131.64,0,0,12891,0,0,0,0,0,0,0,14076,0,0,0.24519,36116.3490258302,0,0,36116.3490258302,44942.9608218302,0,0,44942.9608218302,44943,19270.29444,45902.5558304069,0,45902.5558304069,0,0,45902.5558304069,45518.7178269762,9402.36880114606,0.068068176133622,138131.64,52376.7713226736,49403.2471223362,13286.8980965061,0.0961901132608435
"91","èrdal Energi KF",267,2014,2672014,15353.094088299,0,0,15880,0,0,288,0,0,60929.26,0,0,3667,0,0,0,0,0,0,0,3962,0,0,0.24519,21007.021202923,0,0,21007.021202923,24900.400916923,0,0,24900.400916923,24900,17139.44278,21461.7013274849,0,21461.7013274849,0,0,21461.7013274849,22837.1811632602,1830.15996033716,0.0300374559011083,60929.26,24317.4493590318,24550.6299821883,3543.6087792653,0.0581593930283299
"92","SFE Nett AS",269,2014,2692014,106559.618667873,20011.4924766975,15492.3819132817,126760,28304,16949,9354,1949,1426,639597.65,229447.76,139174.97,35080,11717,5288,256,0,0,0,1628,34567,25632,1908.4,0.24811,164578.968131454,41814.0387693359,23173.0415490115,229566.048449801,205449.257966454,56475.7506333359,32066.3221320115,293991.330731801,292363,199421.97389,180996.963131313,50359.5833972271,183001.549836938,57242.1016421913,32066.3221320115,272309.973611141,280982.516459405,51416.4680096036,0.0509972512255739,1008220.38,319565.15717238,309335.626596148,79769.5781463471,0.0791191883527955
"93","Driva Kraftverk",271,2014,2712014,0,1348.50584007188,0,0,1347,0,0,0,0,0,547.42,0,0,23,0,0,0,0,0,0,0,4254,0,0.27448,0,2305.84872291135,0,2305.84872291135,0,2340.82886091135,0,2340.82886091135,2341,2514.63792,0,1385.1005993361,0,2241.5584193361,0,2241.5584193361,2281.2665959662,-24.5821269451499,-0.0449054235233456,547.42,2267.21593737307,2296.66110678839,-9.18761612296657,-0.0167834863961247
"94","Svorka Energi AS",274,2014,2742014,27674.1207132417,767.646291930855,0,28268,789,0,1965,0,0,192767.59,11252.41,0,9102,1184,0,42,0,0,0,0,10002,1517,658.1,0.27448,42452.2249213389,2301.40051354118,0,44753.62543488,54770.0739223389,3020.42951254118,0,57790.50343488,57791,34141.73512,55524.1646048023,3249.47212583068,56215.4339985203,3554.88973583068,0,59770.323734351,58978.3956145626,14224.7701796826,0.069722430054321,204020,69332.7197555106,64715.8332272584,19962.2077923783,0.0978443671815426
"95","Hallingdal Kraftnett AS",275,2014,2752014,65727.4197020905,7705.59145731407,0,69150,7955,0,2594,0,0,219764.89,59944.51,0,16886,3570,0,0,0,0,0,0,32407,4853,168.8,0.24316,95658.853032652,12697.6944276649,0,108356.547460317,109701.829503652,16528.1486166649,0,126229.978120317,126230,88759.1416,111060.967713503,14185.1993408961,111238.275529427,15162.2538308961,0,126400.529360324,126332.308864321,17975.761404004,0.0642658466394193,279709.4,139510.479628145,134198.279025014,25841.7315646969,0.0923877837666409
"96","Ustekveikja Kraftverk DA",287,2014,2872014,0,0,0,0,0,0,0,0,0,0,826.18,0,0,272,0,0,0,0,0,0,0,0,0,0.24519,0,272,0,272,0,324.792902,0,324.792902,325,0,0,361.974330439311,0,361.974330439311,0,361.974330439311,347.101759063587,75.1017590635868,0.0909024172257701,826.18,400.697300465591,370.335541079355,98.3355410793547,0.119024354352992
"97","Kraftverkene i Orkla DA",288,2014,2882014,0,1600.91856133613,0,0,1550,0,0,0,0,0,21154.45,0,0,4072,0,0,0,0,0,0,0,9290,0,0.27448,0,7635.73781547536,0,7635.73781547536,0,8987.50717047536,0,8987.50717047536,8988,4099.9192,0,10686.1177385139,0,12556.4734385139,0,12556.4734385139,11128.8869312985,3493.1491158231,0.165125971879349,21154.45,13547.9802932821,11723.7910441594,4088.05322868405,0.193247909006571
"98","Hydro Aluminium AS",294,2014,2942014,3105,0,0,3105,0,0,858,0,0,111173.73,0,0,8808,0,0,0,0,0,0,0,4877,0,0,0.26348,13975.4652430419,0,0,13975.4652430419,21079.4665900419,0,0,21079.4665900419,21079,5247.99196,21079.4665900419,0,21079.4665900419,0,0,21079.4665900419,21079.4665900419,7104.001347,0.0639,111173.73,26290.1676654731,24205.8872353006,10230.4219922587,0.0920219371272216
"99","Gudbrandsdal Energi AS",295,2014,2952014,44565.0312804177,6478.77883914767,0,47244,6290,0,3714,521,0,207294.42,25943.87,0,10654,1667,0,7721,21,0,0,0,19011,7623,0,0.24519,65521.6310691472,10601.968742294,0,76123.5998114412,78767.7445071472,12259.782035294,0,91027.5265424412,91028,56557.39046,82084.5790555669,10895.0921880878,82084.5790555669,12429.8307780878,0,94514.4098336546,93119.6565171693,16996.0567057281,0.0728699250270102,233238.29,105446.264045389,99678.7690442099,23555.1692327687,0.100991862154232
"100","Valdres Energiverk AS",306,2014,3062014,29475.5504835301,0,0,24506,0,0,1833,0,0,208071.11,0,0,13557,0,0,0,0,0,0,0,15030,0,65.8,0.24519,49686.333292678,0,0,49686.333292678,62982.077221678,0,0,62982.077221678,62982,30024.2057,64302.6163707468,0,64371.732806101,0,0,64371.732806101,63815.8705723318,14129.5372796538,0.0679072518989004,208071.11,74124.0039284531,69667.233245743,19980.899953065,0.0960291890261219
"101","Vinstra Kraftselskap DA",307,2014,3072014,0,366,0,0,366,0,0,0,0,0,1041.31,0,0,73,0,0,0,0,0,0,0,0,0,0.24519,0,460.138902147971,0,460.138902147971,0,526.678611147971,0,526.678611147971,527,366,0,595.871438076836,0,595.871438076836,0,595.871438076836,568.19430730529,108.055405157319,0.103768719360535,1041.31,644.677528660081,597.477961655237,137.339059507266,0.131890656487757
"102","Nordm?re Energiverk AS",311,2014,3112014,77981.0171394778,15767.7322223166,0,80199,16607,0,3158,365,0,391124.52,343591.9,0,24996,10952,0,874,0,0,0,0,28618,21695,0,0.27448,116559.763364172,32381.6732355412,0,148941.436599713,141552.620192172,54337.1956455412,0,195889.815837713,195890,113264.91224,131672.964473077,66156.3365208113,131672.964473077,70524.1908708113,0,202197.155343888,199674.219541418,50732.7829417052,0.0690508358880902,734716.42,236633.23695985,220335.868510995,71394.4319112825,0.0971727730153119
"103","Hemsedal Energi KF",343,2014,3432014,9693.9390799356,2534.59478596999,0,9926,2580,0,1122,0,0,80096.03,24795.5,0,6318,1206,0,0,0,0,0,0,4231,700,0,0.24519,18602.2056824903,4027.9152700284,0,22630.1209525187,23720.3419994903,5612.3477200284,0,29332.6897195187,29333,14837.03189,24741.1725902401,6245.8933026576,24741.1725902401,6386.8243026576,0,31127.9968928977,30409.8740235461,7779.75307102742,0.0741695070233738,104891.53,36044.2519126278,33359.6270353842,10729.5060828655,0.102291444150595
"104","Notodden Energi AS",349,2014,3492014,29765.6655644773,56.054973816435,0,25402,40,0,417,0,0,181553.56,8239.58,0,9353,519,0,0,0,0,0,0,10500,3000,0,0.24424,43389.8106412506,1182.28251645691,0,44572.0931577075,54991.0831252506,1708.79167845691,0,56699.8748037075,56700,29156.24,47029.6826576496,1282.36150406979,47029.6826576496,1886.35150406979,0,48916.0341617193,52029.5704185146,7457.47726080708,0.039292659686262,189793.14,57811.6187454826,57366.9211687726,12794.8280110651,0.0674145968134836
"105","Lofotkraft AS",354,2014,3542014,70807.5360085722,12754.7554170517,0,73109,13018,0,6027,4794,0,534510.18,349496.36,0,28329,11547,0,0,0,0,0,0,33725,14000,0,0.27392,116346.761556293,32892.6722593645,0,149239.433815657,150501.962058293,55225.4896633644,0,205727.451721657,205727,110020.832,129856.102164942,45405.6165430338,129856.102164942,48224.2365430338,0,178080.338707976,189139.183913448,39899.7500977912,0.0451351299932591,884006.54,219513.632604531,213999.160251381,64759.726435724,0.0732570671204808
"106","Nore Energi AS",373,2014,3732014,10136.317138876,0,0,10397,0,0,236,0,0,42060.44,0,0,2340,0,0,0,0,0,0,0,1765,0,0,0.24519,13664.9982445199,0,0,13664.9982445199,16352.6603605199,0,0,16352.6603605199,16353,11065.76035,15733.7254399608,0,15733.7254399608,0,0,15733.7254399608,15981.2994081845,2316.30116366456,0.0550707782340022,42060.44,17705.093855333,17164.1204574077,3499.12221288784,0.0831927153612239
"107","Aurland Energiverk AS",418,2014,4182014,11092.0382092877,0,0,10808,0,0,1565,0,0,41578.67,0,0,3474,0,0,0,0,0,0,0,2339,0,164.5,0.24519,17321.465829256,0,0,17321.465829256,19978.342842256,0,0,19978.342842256,19978,12946.49941,18113.2520597122,0,18286.0431480978,0,0,18286.0431480978,18962.9630257611,1641.49719650511,0.0394793098602026,41578.67,20234.8310540537,20132.2357693346,2810.76994007861,0.0676012469874243
"108","H?logaland Kraft AS",433,2014,4332014,63073.0484891194,6270.3619909456,658.065772292058,65307,7195,741,4089,144,0,316870.33,71586.78,2844.16,24199,5963,215,0,0,0,0,377,28475,8505,0,0.27392,100942.895521732,14857.8602766406,911.073389689356,116711.829188062,121190.909608732,19432.2555186406,1092.81521368936,141715.980341062,141339,87605.5616,120366.502598,20063.516886068,120366.502598,22174.6027604116,1092.81521368936,143633.9205721,142866.744479685,26154.915291623,0.0668408648191277,391301.27,161974.170093337,153870.894192427,37159.0650043649,0.0949628019463493
"109","E-CO Energi AS",447,2014,4472014,0,1859.85626083769,19141.304350403,0,1846,18738,0,0,0,0,29575.83,83348.23,0,1714,10928,0,0,0,0,0,0,1928,0,0.24519,0,4069.43940659491,31174.8403057246,35244.2797123195,0,5959.33494359491,36500.7922027246,42460.1271463195,42460,21056.72632,0,5269.01515676257,0,5657.17939676257,36500.7922027246,42157.9715994872,42278.8338182201,7034.55410590059,0.0622945553489716,112924.06,47450.7104586048,45454.4771336907,10210.1974213712,0.0904164924761933
"110","MùRENETT AS",460,2014,4602014,163602.07497939,41753.0750540381,1386.11165878942,176470,51119,1273,13399,1055,0,869700.9,626155.56,6958.9,68200,28506,916,0,0,0,0,734,79885,51467,0,0.27448,271408.748709932,84917.0074510519,2382.16870447607,358707.924865459,326982.636219932,124928.347735052,2826.84241447607,454737.82636946,454004,279369.49696,282081.179771249,123816.108207105,282081.179771249,134954.352634527,2826.84241447607,419862.374820252,433812.555439935,75104.6305744758,0.04997595351599,1502815.36,490299.173266491,476074.634507678,117366.709642219,0.0780978906432116
"111","Vester?lskraft Nett AS",464,2014,4642014,40607.9647014706,11005.7503033412,0,34830,10249,0,4063,1685,0,164094.7,53930.97,0,14051,1533,0,0,0,0,0,0,13550,9001,0,0.27392,64000.1450058987,16756.5029007848,0,80756.6479066835,74485.7963358987,20202.6918837848,0,94688.4882196836,94688,57004.16992,71063.4370926064,10130.4634372744,71063.4370926064,11942.6347672744,0,83006.0718598808,87679.0384038019,6922.39049711835,0.031750346173083,218025.67,93224.9121663148,93810.3425876623,13053.6946809787,0.0598722833003046
"112","Tr?nderEnergi Kraft AS",484,2014,4842014,0,1081.58340999643,0,0,936,0,0,0,0,0,54258.21,0,0,2842,0,0,0,0,0,0,0,7181,0,0.27448,0,5431.80268062152,0,5431.80268062152,0,8898.90229962152,0,8898.90229962152,8899,2907.04088,0,10813.5666020639,0,12259.3173320639,0,12259.3173320639,10915.1513190869,5483.3486384654,0.101060256843442,54258.21,14802.3939491565,12440.9972893425,7009.19460872099,0.129182193970663
"113","Elverum Nett AS",495,2014,4952014,31606.4111508971,0,0,27572,0,0,1531,0,0,249132.66,0,0,14172,0,0,0,0,0,0,0,17401,0,0,0.24519,52715.3972495104,0,0,52715.3972495104,68634.9742235103,0,0,68634.9742235103,68635,33369.55119,59133.0390807223,0,59133.0390807223,0,0,59133.0390807223,62933.8131378375,10218.4158883271,0.0410159626936394,249132.66,70809.8607488181,69939.906138695,17224.5088891846,0.069137899820861
"114","Haugaland Kraft AS",503,2014,5032014,133572.285077396,17292.2149867856,2260.69183062468,132917,16742,2250,19824,1307,0,800529.03,138656.84,16968,47964,13665,1790,2740,0,0,0,0,54723,16703,0,0.24424,221091.507151901,36691.6439766378,4181.26162131947,261964.412749858,272245.312168901,45551.8160526378,5265.51682131947,323062.645042858,323063,187745.08624,249155.05766708,51782.3933163838,249155.05766708,55145.2083063838,5265.51682131947,309565.782794784,314964.527694013,53000.1149441554,0.0554305291303746,956153.87,354380.614488266,341853.426710103,79889.0139602451,0.0835524662575962
"115","Lyse Elnett AS",511,2014,5112014,207444.072011485,108436.567119522,-23.3101948450919,227920,114517,0,11202,753,0,1850500.79,631910.54,17406.34,99814,42100,984,9117,0,0,0,1111,164014,69550,19491,0.24424,364026.867734863,172768.112128374,959.343488412065,537754.323351649,482273.868215863,213147.195634374,2071.60861441206,697492.672464649,696382,402320.67136,530475.945423715,208411.342755326,550949.325993474,223589.011797092,2071.60861441206,776609.946404979,744963.036828847,207208.713477197,0.0828895306901313,2499817.67,893776.138647075,815262.752174105,277508.428822455,0.111011467817353
"116","Lyse Produksjon AS",512,2014,5122014,208,821,0,208,821,0,0,0,0,9026.37,3687.51,0,649,516,0,0,0,0,0,0,0,0,0,0.24424,869.013365155131,1384.41813842482,0,2253.43150357995,1445.79840815513,1620.05002742482,0,3065.84843557995,3066,1029,1856.66627410685,1862.59836955863,1856.66627410685,1862.59836955863,0,3719.26464366548,3457.89816043127,1204.46665685131,0.0947363556090913,12713.88,4315.16286700388,3815.43709443431,1562.00559085435,0.122858292736313
"117","VOKKS Nett AS",542,2014,5422014,35195.9473157873,363.40823019745,0,33308,358,0,5144,0,0,207963.04,818.1,0,13412,101,0,768,0,0,0,0,14753,0,921.3,0.24519,59014.2323808976,485.397440628902,0,59499.6298215265,72303.0706368976,537.674030628902,0,72840.7446675265,72841,41659.28807,72411.5232547091,537.674030628902,73379.2583898442,537.674030628902,0,73916.9324204731,73486.4573192945,13986.827497768,0.0669927728997359,208781.14,83702.4825745225,79357.7874117241,19858.1575901976,0.0951147100269575
"118","BKK Nett AS",566,2014,5662014,427074.731560457,125445.722898306,12321.0570442816,541088,160478,20933,35857,15402,0,2587164.49,976908.36,252143.47,181990,74089,13492,20964,0,0,0,2690,195560,98408,27935.7,0.24316,710767.450765588,245616.172323247,26524.678954715,982908.30204355,876087.261676588,308040.616527247,42636.646687715,1226764.52489155,1224075,824275.25888,796218.112353492,252509.659549533,825561.820607692,275167.507344664,42636.646687715,1143365.97464007,1176725.39474066,193817.092697113,0.0507877637023241,3816216.32,1322231.63366493,1284044.79015558,301136.48811203,0.0789097008295457
"119","Eidsiva Nett AS",574,2014,5742014,335952.455839758,97650.8440067562,179,367347,106611,179,47973,24021,0,2531722.56,559627.87,3995.56,150752,46767,1120,15410,1119,0,0,1410,135542,198390,0,0.24519,583787.509264737,216722.817120139,1309.338424821,801819.664809697,745564.580848737,252483.038013139,1564.654708821,999612.273570697,998202,611478.78708,765144.54818859,195025.368786042,765144.54818859,236458.664240219,1564.654708821,1003167.86713763,1001745.62971086,199925.964901159,0.0645892141127523,3095345.99,1148246.40933393,1088792.75502863,286973.090218937,0.0927111512399739
"120","Flesberg Elektrisitetsverk AS",578,2014,5782014,12440.2091147331,0,0,12477,0,0,588,0,0,72602.84,0,0,4217,0,0,0,0,0,0,0,3325,0,32.9,0.24519,18662.7713200848,0,0,18662.7713200848,23302.0927960848,0,0,23302.0927960848,23302,13880.25675,21687.7690715855,0,21722.3272892626,0,0,21722.3272892626,22354.2334919915,3691.46217190665,0.0508445974276854,72602.84,25125.2147921588,24395.9659937292,5733.19467364438,0.078966534554907
"121","Midt Nett Buskerud AS",591,2014,5912014,29913.1523247436,1259.23197290051,0,25849,1216,0,2157,43,0,218280.19,50658.57,0,16008,2116,0,144,0,0,0,0,17835,1472,0,0.24519,53505.2703303159,3789.48591936799,0,57294.7562496839,67453.3744713159,7026.56854236799,0,74479.9430136839,74480,33854.88333,66645.0053933687,7321.92743622504,66645.0053933687,7618.28519622504,0,74263.2905895937,74349.9515592298,17055.1953095459,0.0634166503539537,268938.76,86868.4220892486,81913.0304590227,24618.2742093388,0.0915385874811754
"122","Nesset Kraft AS",593,2014,5932014,13750.2815616183,0,0,13828,0,0,156,0,0,28730.46,0,0,2918,0,0,0,0,0,0,0,4035,0,0,0.27448,18438.6797917641,0,0,18438.6797917641,20274.5561857641,0,0,20274.5561857641,20275,15091.5268,17460.1299573607,0,17460.1299573607,0,0,17460.1299573607,18585.900448722,147.220656957954,0.00512420117735511,28730.46,18806.7236069543,19393.8566384782,955.176846714112,0.0332461383045768
"123","Sunndal Energi KF",599,2014,5992014,19476.2298875748,0,0,16474,0,0,383,0,0,76676.17,0,0,6281,0,0,0,0,0,0,0,4234,0,427.8,0.27448,28136.8450823058,0,0,28136.8450823058,33036.4523453058,0,0,33036.4523453058,33036,18019.14832,28569.8600696119,0,29019.22193959,0,0,29019.22193959,30626.1141018763,2489.26901957057,0.0324647021306694,76676.17,32613.0259927503,32782.3965337725,4645.55145146672,0.060586639257891
"124","Skagerak Nett AS",611,2014,6112014,298674.560743102,114007.041389883,0,309271,114090,0,41124,3694,0,2057839.65,886521.44,0,163742,58469,0,7566,687,0,0,1022,226897,204551,0,0.24424,568544.871605247,225204.160399993,0,793749.032005239,700040.825240247,281852.880415993,0,981893.705656239,980872,565302.85952,743534.866652206,271445.422811544,743534.866652206,313708.702849181,0,1057243.56950139,1027103.62396333,233354.591958089,0.0792547465562685,2944361.09,1195245.46525608,1109904.76141615,316155.729410906,0.10737668368349
"125","Nordvest Nett AS",613,2014,6132014,21322.811855484,0,0,16728,0,0,1560,0,0,122604.91,0,0,9544,0,0,0,0,0,0,0,17063,0,0,0.27448,37172.264711837,0,0,37172.264711837,45006.718460837,0,0,45006.718460837,45007,22971.45224,47337.1325291742,0,47337.1325291742,0,0,47337.1325291742,46404.9669018393,9232.70219000233,0.0753045060756729,122604.91,53083.6118133553,49852.854472348,12680.589760511,0.103426443202895
"126","Energi 1 Follo R?yken AS",614,2014,6142014,49736.3314965339,0,0,50051,0,0,4736,0,0,343615.13,0,0,22870,0,0,0,0,0,0,0,48934,0,1373.7,0.24519,90305.5159949314,0,0,90305.5159949314,112262.522801931,0,0,112262.522801931,112263,66785.12746,123129.258851194,0,124572.195739433,0,0,124572.195739433,119648.326564433,29342.8105695011,0.085394407893218,343615.13,140677.400875803,129311.449646255,39005.9336513232,0.11351634502044
"127","EB Nett AS",615,2014,6152014,78069.1546829852,44548.7644906975,0,91052,52035,0,5510,18540,0,523833.47,534232.43,9433.4,41109,29626,648,2509,153,0,0,1445,82656,102484,0,0.24512,146116.006892587,118383.758480975,648,265147.765373561,179588.965625587,152521.210757975,1250.79426,333360.970643561,331916,209856.5168,195220.812064639,157718.983638517,195220.812064639,179880.545592407,1250.79426,376352.151917046,359155.679407652,94007.9140340908,0.08806367745074,1067499.3,426385.732246968,389175.827605605,124028.062232044,0.116185614577962
"128","Agder Energi Nett AS",624,2014,6242014,353539.105051203,72611.4038199186,108,365047,75469,108,45792,3662,155,2519357.13,1222582.78,7503.29,147205,70037,549,7509,911,0,0,1199,181219,178151,1758,0.24424,605748.127080124,187824.151126212,826.04998056174,794398.328186898,766735.047687124,265947.190768212,1305.51021156174,1033987.7486669,1032789,569585.5288,757132.528774868,232313.341372544,758979.135056826,269448.732321876,1305.51021156174,1029733.37759026,1031435.12602092,237036.797834019,0.0632191995424865,3749443.2,1205469.38747774,1136876.73195341,342478.403766508,0.0913411366697081
"129","Voss Energi AS",625,2014,6252014,36692.5958976539,2391.23040604529,0,35807,2414,0,2860,0,0,197910.51,59876.84,0,13229,1810,0,1515,230,0,0,0,14711,4799,0,0.24316,58006.7487771489,5305.52232622738,0,63312.2711033763,70653.2303661489,9131.65240222738,0,79784.8827683763,79785,44080.0516,59609.4286273866,10350.4433452232,59609.4286273866,11316.6260152232,0,70926.0546426099,74469.5858929164,11157.3147895401,0.0432810795003717,257787.35,83008.5207240983,81719.0655418095,18406.7944384332,0.0714030166275933
"130","Narvik Energinett AS",637,2014,6372014,38127.1013106495,11089.5203489866,0,42803,13274,0,3732,375,0,135808.64,70000.07,0,10718,4255,0,88,0,0,0,0,25564,5213,0,0.27392,60114.0911114638,17428.4468798028,0,77542.5379912666,68792.2632074638,21901.4513528028,0,90693.7145602666,90694,68526.43584,48154.1660425658,14547.6131111715,48154.1660425658,15597.1464011715,0,63751.3124437372,74528.273290349,-3014.26470091761,-0.0146459530353094,205808.71,73397.5451151616,80316.0128932036,2773.47490193696,0.0134759840919122
"131","Svorka Produksjon AS",652,2014,6522014,452.241182856213,0,0,435,0,0,0,0,0,2583.58,0,0,133,0,0,0,0,0,0,0,0,0,0,0.27448,611.361079336214,0,0,611.361079336214,776.451841336214,0,0,776.451841336214,776,435,776.451841336214,0,776.451841336214,0,0,776.451841336214,776.451841336214,165.090762,0.0639,2583.58,897.543965208126,849.107115659361,237.746036323147,0.0920219371272216
"132","Midt-Telemark Energi AS",659,2014,6592014,27345.3086945833,1437.60358507446,0,33081,1501,0,1303,0,0,179861.81,7412.39,0,11414,711,0,0,0,0,0,0,15218,1184,789.7,0.24424,44771.1931699737,2470.00934745824,0,47241.202517432,56264.3628289737,2943.66106845824,0,59208.023897432,59208,39891.02448,56660.4922898695,2834.66508168908,57489.9945542961,3073.03980168908,0,60563.0343559852,60021.0301725639,12779.8276551319,0.0682412615038907,187274.2,69340.5564859031,65287.5434505146,18046.3409330827,0.0963631986311124
"133","Stange Energi Nett AS",669,2014,6692014,27836.0537346564,1693.60374758599,0,27891,1633,0,1567,38,0,264748.27,18340.59,0,13329,1543,0,1407,0,0,0,0,13234,1111,1974.3,0.24519,47083.1492998109,3598.01337616477,0,50681.1626759757,64000.5637528109,4769.97707716477,0,68770.5408299757,68771,33239.25055,61532.911337647,4518.38316209473,63606.7195188011,4742.06079209473,0,68348.7803108958,68517.4845185278,17836.3218425521,0.0630060887685658,283088.86,81617.1255147906,76478.4916408646,25797.3289648889,0.0911280258957874
"134","Hafslund Nett AS",675,2014,6752014,1158626.42850463,354367.704334744,3478.79103179165,1250087,375989,4236,71023,21187,0,4790315.87,2763466.05,9317.25,289458,129640,920,32153,1464,976,0,3578,744632,348031,0,0.24519,1739522.15337157,600583.361218749,4599.71404603832,2344705.22863636,2045623.33746457,777168.841813749,5195.08632103832,2827987.26559936,2824409,1955839.04097,2109847.2254049,680999.742644173,2109847.2254049,754853.476857466,5195.08632103832,2869895.78858341,2853132.37938979,508427.150753428,0.0672247103105787,7563099.17,3224377.45415955,3065821.37873547,721116.15009911,0.0953466474378003
"135","Statkraft Energi AS",685,2014,6852014,0,179,94,0,179,94,0,0,0,0,4387.44,2372.49,0,173,392,0,0,0,0,0,0,1266,0,0.27392,0,617.222204821002,491.429116945107,1108.65132176611,0,897.579620821002,643.031227945107,1540.61084876611,1541,619.78272,0,642.695840821002,0,897.579620821002,643.031227945107,1540.61084876611,1540.61084876611,431.959527,0.0639,6759.93,1857.44805950681,1730.71317521053,622.061853444419,0.0920219371272216
"136","Yara Norge AS",686,2014,6862014,11826.7829724316,2568,0,11839,2568,0,0,0,0,19985.88,220.18,0,1067,47,0,0,0,0,0,0,3365,0,0,0.27392,14254.3327611735,2763.31885441527,0,17017.6516155887,15531.4304931735,2777.38835641527,0,18308.8188495887,18309,15328.7408,15055.749888625,1054.15854568634,15055.749888625,1054.15854568634,0,16109.9084343114,16989.4726004223,-28.1790151664245,-0.00139458237610026,20206.06,17056.9643491595,17557.7061493312,540.054533742445,0.0267273547511214
"137","Ringeriks-Kraft Nett AS",693,2014,6932014,56222.934365325,0,0,47602,0,0,4526,0,0,384856.46,0,0,25711,0,0,552,0,0,0,0,31716,0,0,0.24519,96320.6784444124,0,0,96320.6784444124,120913.006238412,0,0,120913.006238412,120913,59352.44604,113447.550911952,0,113447.550911952,0,0,113447.550911952,116433.733042536,20113.0545981239,0.0522611848535007,384856.46,131485.732863827,127256.642213661,30935.963769249,0.0803831219807224
"138","Nord-Tr?ndelag Elektrisitetsverk",699,2014,6992014,201751.943563373,51652.3341409967,0,195079,51082,0,16009,291,0,1277285.39,521657.93,0,79801,27534,0,2142,0,0,0,1490,84251,46392,131.6,0.27445,326983.577947208,93391.4209939953,0,420374.998941203,408602.114368208,126725.362720995,0,535327.477089203,533837,296173.97135,489850.930756458,106590.005036874,489989.163627166,117506.16367611,0,607495.327303276,578628.187217647,158253.188276444,0.0879700802782625,1798943.32,691811.612204069,629217.958158122,208842.959216919,0.116092017405484
"139","Nordlandsnett AS",726,2014,7262014,76950.3708379994,30019.4981855114,0,73405,30895,0,4534,4094,0,487176.53,190935.45,0,33058,11339,0,901,97,0,0,937,49724,45335,0,0.27392,129226.21426667,57511.0794580417,0,186737.293724711,160356.79453367,69711.8547130417,0,230068.649246711,229132,137968.56128,155849.185866598,67005.3162476908,155849.185866598,77123.7296974521,0,232972.91556405,231811.209037114,45073.9153124032,0.0664697227623131,678111.98,264755.953008676,250881.03150389,64143.737779179,0.0945916598895347
"140","Mo Industripark AS",743,2014,7432014,10207.7826831386,9925.4,0,10087,10087,0,398,172,0,43597.66,26640.77,0,3577,2364,0,0,0,0,0,0,7780,0,0,0.27392,16358.7564270124,13043.3260943741,0,29402.0825213865,19144.6469010124,14745.6712973741,0,33890.3181983865,33890,22875.0976,23273.8834426765,10134.0703062592,23273.8834426765,10134.0703062592,0,33407.9537489358,33600.8995287161,4198.81700732955,0.0597794826468864,70238.43,36700.0216028937,35576.1402410908,6174.05771970431,0.0879014197741081
"141","Aktieselskabet Saudefaldene",753,2014,7532014,0,10141.360340933,0,0,10080,0,0,0,0,0,57001.37,0,0,4014,0,0,0,0,0,0,0,13301,0,0.24424,0,17418.9807908627,0,17418.9807908627,0,21061.3683338627,0,21061.3683338627,21061,13328.63624,0,19033.0370780928,0,21710.9274080928,0,21710.9274080928,21451.1037784008,4032.12298753806,0.0707372996041685,57001.37,24382.5756469353,23054.0927217063,5635.11193084356,0.0988592367313901
"142","Her?ya Nett AS",852,2014,8522014,29285.9217845706,11397.9462811211,0,34193,13128,0,682,0,0,9554.6,23930.94,0,1267,1087,0,0,0,0,0,0,5126,5127,0,0.24424,33992.7675539506,14175.4713963792,0,48168.2389503298,34603.3064939506,15704.6584623792,0,50307.9649563298,50308,50507.19272,34603.3064939506,14672.4395523792,34603.3064939506,15704.6584623792,0,50307.9649563298,50307.9649563298,2139.726006,0.0638999999999999,33485.54,51877.4287072483,51249.6432068809,3081.40425655106,0.0920219371272215
"143","LYSE SENTRALNETT AS",872,2014,8722014,0,0,17856.6,0,0,18715,0,0,0,0,0,99276.94,0,0,8820,0,0,0,0,0,0,0,0,0.24424,0,0,27707.9358472554,27707.9358472554,0,0,34051.7323132554,34051.7323132554,34052,18715,0,0,0,0,34051.7323132554,34051.7323132554,34051.7323132554,6343.796466,0.0639,99276.94,38704.832088027,36843.5921781183,9135.65633086296,0.0920219371272217
"144","GASSCO AS",900,2014,9002014,0,0,916,0,0,916,0,0,0,0,0,9435.42,0,0,667,0,0,0,0,0,0,0,0,0.27392,0,0,1635.90501193317,1635.90501193317,0,0,2238.82834993317,2238.82834993317,2239,916,0,0,0,0,2238.82834993317,2238.82834993317,2238.82834993317,602.923338,0.0639,9435.42,2681.06549661472,2504.1706379421,868.265626008929,0.0920219371272216
