comp,,Snitt IR,MAX,MIN,Spread,Standardavik,Spread % av snitt IR,Std.avvik % av snitt IR,V1,V2,V3,V4,V5,V6,V7,V8,V9,V10,V11,V12,V13,V14,V15,V16,V17,V18,V19,V20,V21,V22,V23,V24,V25,V26,V27,V28,V29,V30,V31,V32,V33,V34,V35,V36,V37,V38,V39,V40,V41,V42,V43,,,,
Alta Kraftlag SA,,89329.40285,89331.12089,89328.42301,2.697882433,0.579042215,0.0030 %,0.0006 %,89329.44291,89328.42301,89329.04078,89328.98948,89330.52777,89329.71088,89328.50506,89329.58237,89329.28249,89329.74789,89328.7603,89329.73818,89329.61849,89328.59617,89330.21615,89329.35427,89329.61724,89328.8783,89328.76046,89329.36254,89330.38727,89328.82816,89328.92202,89329.46507,89329.49662,89329.57278,89329.91955,89331.12089,89328.90542,89329.97321,89329.20814,89328.93704,89328.89989,89329.75102,89329.0795,89329.25497,89330.06134,89329.66379,89328.68239,89329.85865,89329.96419,89328.98936,89329.22665,,,,
And?y Energi AS,,40328.61142,40328.9088,40328.35182,0.556984123,0.142235492,0.0014 %,0.0004 %,40328.58001,40328.41723,40328.57862,40328.52821,40328.54424,40328.57682,40328.35832,40328.69044,40328.39718,40328.65146,40328.56317,40328.78067,40328.72517,40328.40453,40328.83916,40328.35182,40328.70946,40328.49312,40328.40763,40328.89062,40328.9088,40328.47928,40328.53862,40328.5473,40328.60439,40328.70269,40328.86679,40328.75703,40328.47434,40328.75659,40328.70093,40328.57589,40328.61408,40328.5418,40328.45043,40328.61625,40328.64575,40328.63194,40328.59624,40328.75267,40328.68774,40328.72278,40328.63066,,,,
Arendals Fossekompani ASA,,2353.740722,2353.740722,2353.740722,0,2.76077E-12,0.0000 %,0.0000 %,2353.740722,2353.740722,2353.740722,2353.740722,2353.740722,2353.740722,2353.740722,2353.740722,2353.740722,2353.740722,2353.740722,2353.740722,2353.740722,2353.740722,2353.740722,2353.740722,2353.740722,2353.740722,2353.740722,2353.740722,2353.740722,2353.740722,2353.740722,2353.740722,2353.740722,2353.740722,2353.740722,2353.740722,2353.740722,2353.740722,2353.740722,2353.740722,2353.740722,2353.740722,2353.740722,2353.740722,2353.740722,2353.740722,2353.740722,2353.740722,2353.740722,2353.740722,2353.740722,,,,
Ask?y Energi AS,,53367.74231,53368.07683,53367.49519,0.581637974,0.12457607,0.0011 %,0.0002 %,53367.62349,53367.67719,53367.49519,53367.84892,53367.89904,53367.88967,53367.51975,53367.82648,53368.07683,53367.85169,53367.69467,53367.92762,53367.76255,53367.75963,53367.83863,53367.72507,53367.60996,53367.88432,53367.88376,53367.78222,53367.72034,53367.87651,53367.59198,53367.76716,53367.72307,53367.62725,53367.64314,53367.72515,53367.64593,53367.73072,53367.62415,53367.70909,53367.62033,53367.86057,53367.76988,53367.74232,53367.66648,53367.94462,53367.59375,53367.82731,53367.69353,53367.61232,53367.62718,,,,
Austevoll Kraftlag BA,,26798.12999,26800.3668,26796.96713,3.39966298,0.764018838,0.0127 %,0.0029 %,26797.84343,26797.19439,26797.42173,26797.74533,26800.3668,26798.71764,26797.25339,26798.30008,26798.43972,26798.81192,26796.96713,26798.13004,26798.26266,26797.45994,26798.84277,26798.77252,26798.63178,26797.68161,26797.5994,26797.31659,26798.76543,26797.66762,26797.6619,26798.15382,26798.01868,26797.70763,26798.63384,26800.30991,26798.245,26798.22149,26797.40867,26797.45141,26797.57154,26799.11356,26797.78543,26797.97847,26798.7888,26798.16251,26797.30754,26798.56311,26799.1881,26797.03963,26798.0867,,,,
Ballangen Energi AS,,24382.59372,24382.95297,24382.37781,0.575153346,0.129766721,0.0024 %,0.0005 %,24382.5502,24382.46638,24382.41629,24382.60699,24382.95297,24382.77558,24382.42046,24382.64923,24382.79838,24382.71226,24382.43052,24382.61879,24382.59144,24382.54762,24382.69675,24382.72955,24382.57296,24382.5914,24382.62427,24382.43303,24382.63415,24382.60269,24382.47307,24382.63229,24382.59542,24382.53208,24382.56651,24382.88443,24382.53819,24382.59511,24382.4331,24382.4859,24382.45943,24382.75407,24382.61925,24382.5437,24382.66753,24382.70097,24382.38655,24382.68388,24382.66612,24382.37781,24382.51257,,,,
Bindal Kraftlag SA,,11407.04832,11407.17902,11406.96851,0.210509734,0.043812276,0.0018 %,0.0004 %,11406.99809,11407.04194,11406.97051,11407.08126,11407.12945,11407.07243,11407.01056,11407.05106,11407.17902,11407.08484,11407.02694,11407.09845,11407.04928,11407.06773,11407.05584,11407.06932,11407.00815,11407.10926,11407.09958,11407.03682,11407.0074,11407.09584,11407.01285,11407.06253,11407.03193,11406.96851,11406.99605,11407.03615,11407.06296,11407.02963,11407.00328,11407.0408,11407.00501,11407.11658,11407.05311,11407.06012,11407.02419,11407.09791,11407.02042,11407.04579,11407.05193,11406.9916,11407.02271,,,,
Fredrikstad Energi Nett AS,,147639.3878,147642.1707,147634.7098,7.460901963,1.562011824,0.0051 %,0.0011 %,147639.2317,147640.6195,147639.2642,147640.1026,147635.2885,147638.9055,147639.3298,147640.0937,147640.2626,147638.5881,147642.0495,147641.4389,147639.3474,147640.054,147638.8079,147636.9809,147637.5413,147640.9766,147640.7817,147642.1707,147639.0271,147641.0304,147639.1367,147638.9046,147639.6015,147640.0916,147638.3726,147634.7098,147638.0896,147639.4776,147640.3915,147640.8201,147640.029,147637.8596,147639.7365,147640.3059,147637.3591,147640.405,147640.1107,147639.116,147637.3289,147641.0344,147638.902,,,,
Drangedal Elverk KF,,24933.34409,24933.57753,24933.15072,0.426812472,0.098366069,0.0017 %,0.0004 %,24933.27239,24933.4111,24933.3381,24933.37515,24933.53168,24933.30845,24933.46498,24933.25634,24933.40655,24933.38477,24933.23677,24933.21016,24933.32508,24933.43356,24933.25992,24933.5195,24933.42857,24933.37924,24933.37245,24933.17209,24933.17388,24933.35802,24933.41841,24933.36463,24933.27851,24933.15072,24933.30934,24933.36655,24933.57753,24933.21917,24933.273,24933.31958,24933.35361,24933.47915,24933.33778,24933.34055,24933.34429,24933.24603,24933.42466,24933.2698,24933.44114,24933.25088,24933.41192,,,,
AS Eidefoss,,93219.53083,93220.01345,93219.18082,0.832637701,0.177757343,0.0009 %,0.0002 %,93219.36447,93219.4387,93219.18082,93219.67765,93219.74859,93219.7326,93219.21908,93219.64803,93220.01345,93219.68192,93219.47368,93219.80551,93219.558,93219.55255,93219.66404,93219.50073,93219.33233,93219.73753,93219.73278,93219.59355,93219.50099,93219.72322,93219.31474,93219.5672,93219.50631,93219.36744,93219.38113,93219.49983,93219.39014,93219.52105,93219.36681,93219.48858,93219.35354,93219.6997,93219.56951,93219.53824,93219.42307,93219.82233,93219.31973,93219.64357,93219.46001,93219.34792,93219.36456,,,,
Etne Elektrisitetslag,,14844.14799,14844.40437,14843.86655,0.537817941,0.136000443,0.0036 %,0.0009 %,14844.16771,14844.40437,14844.20913,14844.23535,14844.00792,14844.26997,14844.33331,14844.20947,14844.14317,14844.10492,14844.23711,14843.91783,14844.04625,14844.35433,14843.93939,14844.3061,14844.16486,14844.20235,14844.32803,14843.94837,14843.92546,14844.30539,14844.25621,14844.0832,14844.14133,14844.20599,14844.07916,14843.86655,14844.24978,14843.90686,14844.07651,14844.20888,14844.31966,14844.06479,14844.29226,14844.13164,14843.99484,14844.03,14844.21144,14844.12455,14844.04831,14844.11915,14844.19178,,,,
Fauske Lysverk AS,,37691.57231,37691.83607,37691.27017,0.565899967,0.108469852,0.0015 %,0.0003 %,37691.68923,37691.68145,37691.69145,37691.56582,37691.27017,37691.65275,37691.62889,37691.67582,37691.38711,37691.48055,37691.72551,37691.48068,37691.52375,37691.60743,37691.5036,37691.51718,37691.56322,37691.51345,37691.60548,37691.58831,37691.61096,37691.60731,37691.61688,37691.5011,37691.63433,37691.83607,37691.61411,37691.40487,37691.4431,37691.538,37691.62525,37691.63309,37691.7138,37691.35235,37691.65876,37691.55257,37691.50537,37691.52214,37691.57514,37691.61944,37691.43939,37691.67866,37691.57458,,,,
Finn?s Kraftlag,,48662.4123,48664.18181,48661.52578,2.656035324,0.580627009,0.0055 %,0.0012 %,48662.07743,48661.73304,48661.77376,48662.17078,48664.18181,48662.80522,48661.74282,48662.5073,48662.8397,48662.97361,48661.52578,48662.51316,48662.52533,48661.95305,48662.92946,48662.89474,48662.7452,48662.20392,48662.08272,48661.83456,48662.78679,48662.14636,48662.03922,48662.43842,48662.27238,48661.89563,48662.71338,48663.94044,48662.60625,48662.4312,48661.82997,48661.92073,48661.95104,48663.27623,48662.11813,48662.35914,48662.83289,48662.47223,48661.83899,48662.68323,48663.24122,48661.53963,48662.38213,,,,
Fitjar Kraftlag SA,,23880.07049,23881.80072,23879.14244,2.658271325,0.613976985,0.0111 %,0.0026 %,23879.84738,23879.45503,23879.5519,23879.66663,23881.80072,23880.69525,23879.40202,23880.39738,23880.07181,23880.61836,23879.18654,23879.89536,23880.1143,23879.5271,23880.55464,23880.63464,23880.64896,23879.60667,23879.61474,23879.27809,23880.63738,23879.74279,23879.7638,23879.88209,23879.97121,23879.90615,23880.67952,23881.74901,23880.22827,23879.93279,23879.41529,23879.55519,23879.86884,23880.76553,23879.79381,23879.99417,23880.4727,23879.85739,23879.43564,23880.49067,23881.02069,23879.14244,23880.15807,,,,
Fjelberg Kraftlag SA,,14563.46701,14564.19966,14563.03528,1.164378062,0.258842731,0.0080 %,0.0018 %,14563.40351,14563.24638,14563.40575,14563.30589,14564.18884,14563.53571,14563.39829,14563.40716,14563.35268,14563.64423,14563.03528,14563.24002,14563.49578,14563.30086,14563.59425,14563.79007,14563.7953,14563.23772,14563.20976,14563.08168,14563.57972,14563.22586,14563.4729,14563.47295,14563.39495,14563.28523,14563.69887,14564.19966,14563.72127,14563.4217,14563.27618,14563.24659,14563.38363,14563.77769,14563.328,14563.39671,14563.73129,14563.2745,14563.36496,14563.52082,14563.89742,14563.161,14563.58039,,,,
Forsand Elverk Kommunalt F?retak i Forsand,,12534.91741,12535.09931,12534.69675,0.402553587,0.106530909,0.0032 %,0.0008 %,12534.90008,12535.09763,12534.93024,12534.97607,12534.93571,12535.0295,12535.04962,12534.95882,12534.94303,12534.92171,12534.92141,12534.71554,12534.83925,12535.07051,12534.76405,12535.09931,12534.96842,12534.95403,12535.04506,12534.69675,12534.73284,12535.03062,12534.99751,12534.86617,12534.89144,12534.90132,12534.87842,12534.77939,12535.05388,12534.70097,12534.81543,12534.93554,12535.03504,12534.9224,12535.01198,12534.9037,12534.8157,12534.80391,12534.95332,12534.90078,12534.90532,12534.82969,12534.96632,,,,
Fosenkraft AS,,47628.90637,47629.43394,47628.50973,0.924204888,0.209003483,0.0019 %,0.0004 %,47628.70938,47628.88934,47628.50973,47629.01083,47628.97772,47629.13224,47628.5675,47629.14279,47629.43394,47629.03701,47629.01764,47629.32025,47628.90675,47628.90989,47628.99234,47628.75519,47628.632,47629.18656,47629.16279,47629.07088,47628.91627,47629.21135,47628.6521,47628.83303,47628.89173,47628.80321,47628.75151,47628.64635,47628.71208,47628.85167,47628.73977,47628.95166,47628.80528,47629.03091,47628.9345,47629.0334,47628.65104,47629.19316,47628.7,47629.00834,47628.81814,47628.73143,47628.74219,,,,
Fusa Kraftlag SA,,27893.72813,27894.8658,27892.67715,2.188649468,0.418834777,0.0078 %,0.0015 %,27893.6551,27893.72577,27893.52116,27893.82238,27894.8658,27894.21877,27893.79418,27893.69914,27894.04607,27894.00758,27893.1126,27893.08581,27893.58302,27893.92267,27893.64148,27894.64775,27893.99847,27893.626,27893.871,27892.67715,27893.38632,27893.73612,27893.75539,27893.8357,27893.64718,27893.42819,27893.65017,27894.51241,27894.11851,27893.32957,27893.17789,27893.40481,27893.60548,27894.21449,27893.92924,27893.4727,27893.95292,27893.58093,27893.41866,27893.81367,27894.04182,27893.03343,27893.7421,,,,
Sunnfjord Energi AS,,158395.0982,158400.5902,158390.7955,9.794688902,2.043100412,0.0062 %,0.0013 %,158394.0092,158393.9491,158393.402,158396.4305,158400.5902,158397.5522,158393.572,158394.9332,158396.2345,158397.1288,158390.7955,158392.4528,158395.3589,158395.7793,158396.3411,158398.5314,158397.0929,158394.3887,158395.3024,158391.5525,158394.0412,158394.6319,158394.8966,158395.9512,158394.2768,158393.1108,158395.8404,158399.5763,158396.5852,158393.6584,158392.7281,158392.9103,158394.1191,158397.3362,158395.4573,158392.9903,158396.3125,158395.1419,158393.6623,158396.7541,158396.3969,158392.4143,158395.0334,,,,
Hadeland Energinett AS,,98410.25145,98411.11507,98409.90321,1.211862523,0.261918934,0.0012 %,0.0003 %,98410.30875,98409.92036,98410.18132,98410.03842,98410.97096,98410.35018,98410.11903,98410.20284,98410.24,98410.38441,98409.90321,98410.16783,98410.26258,98409.99207,98410.43409,98410.52314,98410.39631,98410.01023,98409.99586,98409.90519,98410.49322,98409.98018,98410.14548,98410.32982,98410.28143,98410.21308,98410.3649,98411.11507,98410.2591,98410.39783,98410.08891,98410.02687,98410.02721,98410.53136,98410.16952,98410.18134,98410.62509,98410.2306,98409.97615,98410.3036,98410.59611,98409.93705,98410.23158,,,,
Trollfjord Kraft AS,,62246.72429,62249.10662,62245.55432,3.552292674,0.797967171,0.0057 %,0.0013 %,62246.89001,62245.79826,62246.40346,62245.57777,62248.73111,62247.1927,62246.15323,62247.12203,62246.51733,62247.09394,62246.15671,62246.88799,62246.64144,62245.55432,62247.20453,62247.19672,62247.11856,62245.94359,62245.81638,62245.82763,62247.97841,62246.06487,62246.22992,62246.42807,62246.90078,62247.03191,62247.35515,62249.10662,62246.53338,62247.07087,62246.14603,62246.25793,62246.35648,62247.47792,62246.30449,62246.99681,62247.53606,62246.42322,62245.74911,62246.90688,62248.06983,62245.62369,62246.76845,,,,
Hammerfest Energi Nett AS,,73679.91479,73682.24819,73678.64597,3.602223176,0.770522275,0.0049 %,0.0010 %,73680.10747,73678.64597,73679.79853,73679.26278,73681.1153,73680.0816,73678.95397,73680.01498,73679.15277,73680.2384,73679.04828,73680.08397,73680.24327,73678.80248,73680.95869,73679.78816,73680.47674,73678.96735,73678.79218,73679.92825,73681.30022,73678.8948,73679.50814,73679.97545,73680.03596,73680.29698,73680.85915,73682.24819,73679.38465,73680.72199,73679.88374,73679.3104,73679.43466,73680.15561,73679.39242,73679.65082,73680.91159,73679.9772,73679.22384,73680.47719,73680.71392,73679.65045,73679.86734,,,,
HelgelandsKraft AS,,455950.1524,455956.3055,455945.1478,11.15768004,2.50256852,0.0024 %,0.0005 %,455948.0896,455946.7621,455946.7527,455951.2858,455956.3055,455952.6484,455945.3698,455950.7067,455951.7921,455953.1133,455945.1478,455950.3721,455951.5567,455949.0532,455953.8928,455951.2606,455951.9611,455949.4189,455949.3292,455949.3441,455951.4276,455949.1765,455948.4059,455950.8944,455949.158,455947.8275,455952.1301,455955.9916,455950.0629,455950.254,455948.0014,455947.4796,455948.0745,455952.8356,455949.1544,455948.2348,455951.5066,455951.7327,455947.8021,455953.1161,455951.9546,455947.6568,455949.5112,,,,
Hemne Kraftlag SA,,30885.89967,30886.68294,30885.37997,1.302967784,0.262228722,0.0042 %,0.0008 %,30885.83603,30885.74681,30885.79747,30885.85079,30886.68294,30886.04721,30885.88367,30885.80973,30885.97072,30886.08726,30885.44669,30885.59919,30885.88566,30885.86481,30885.96013,30886.36228,30886.14791,30885.75392,30885.79325,30885.37997,30885.84408,30885.74815,30885.90588,30885.97675,30885.83056,30885.65755,30885.9743,30886.57944,30886.17043,30885.78984,30885.63868,30885.66742,30885.76867,30886.25192,30885.87422,30885.77394,30886.14872,30885.7788,30885.75314,30885.93555,30886.23472,30885.52243,30885.95422,,,,
Hurum Energiverk AS,,33149.11833,33149.41253,33148.77465,0.637880729,0.157305991,0.0019 %,0.0005 %,33149.19265,33149.19095,33149.40832,33149.0608,33148.91949,33148.81147,33149.41253,33148.90407,33148.77465,33148.99667,33149.13126,33148.93347,33149.14173,33149.14506,33149.01436,33149.10634,33149.27726,33149.01493,33148.95428,33149.16391,33149.05175,33148.94865,33149.32923,33149.15324,33149.09148,33149.08931,33149.19595,33149.06719,33149.33267,33149.15241,33149.31057,33149.16165,33149.21977,33149.02731,33149.04158,33149.11057,33149.20689,33148.90438,33149.40192,33148.96478,33149.16462,33149.33705,33149.27107,,,,
H?land og Setskog Elverk,,30232.0595,30232.32622,30231.76541,0.560811039,0.122450318,0.0019 %,0.0004 %,30231.93496,30232.03662,30231.9733,30232.145,30232.07107,30231.8463,30232.07151,30231.90138,30232.32622,30232.07478,30232.07329,30232.28055,30232.11871,30232.10456,30232.06883,30231.96281,30231.92685,30232.25141,30232.12013,30232.25307,30231.92741,30232.10903,30232.03265,30232.16409,30232.00139,30231.76541,30231.88884,30231.89242,30232.15511,30232.13653,30232.12108,30232.09976,30231.92057,30232.19577,30231.99301,30232.12713,30232.02721,30232.1931,30232.16725,30231.93147,30232.03109,30232.11084,30232.02612,,,,
Istad Nett AS,,164399.4547,164401.4484,164398.2583,3.190080413,0.652385326,0.0019 %,0.0004 %,164398.9515,164398.9731,164398.6911,164399.6561,164401.4484,164400.0194,164398.8886,164399.3984,164400.2256,164400.145,164398.2583,164399.1693,164399.5484,164399.4479,164399.8613,164400.354,164399.8487,164399.4418,164399.478,164398.5334,164399.2499,164399.3824,164399.2013,164399.6676,164399.1775,164398.5536,164399.5335,164400.8346,164399.9601,164399.1423,164398.6758,164398.857,164398.9593,164400.4736,164399.3706,164399.1384,164399.7862,164399.5758,164398.9567,164399.7655,164400.1062,164398.4458,164399.4005,,,,
J?ren Everk Kommunalt foretak i H?,,47936.98832,47938.20576,47934.67211,3.533645185,0.746399923,0.0074 %,0.0016 %,47937.05988,47937.99335,47937.49193,47937.19654,47934.84825,47936.58821,47937.6543,47937.17211,47936.59072,47936.43957,47938.20576,47937.11535,47936.8422,47937.51791,47936.28875,47936.23029,47936.67446,47937.43483,47937.46257,47937.8231,47936.54202,47937.59467,47937.39398,47936.59404,47937.01091,47937.42744,47936.80825,47934.67211,47936.98351,47936.6199,47937.53501,47937.71837,47937.80584,47936.07467,47937.16241,47937.36838,47936.03339,47936.71957,47937.8103,47936.67775,47936.22722,47937.89781,47937.1901,,,,
Klepp Energi AS,,39277.36663,39278.489,39275.24951,3.239496791,0.661356358,0.0082 %,0.0017 %,39277.3617,39278.16072,39277.59784,39277.64288,39275.51005,39277.08089,39277.74118,39277.57845,39277.37506,39276.9361,39278.489,39277.77724,39277.26687,39277.81977,39276.85519,39276.57757,39276.85029,39277.92782,39277.92221,39278.26738,39276.99283,39278.02299,39277.54716,39277.08402,39277.40776,39277.68538,39277.03885,39275.24951,39277.16505,39277.14699,39277.81306,39278.01596,39277.9138,39276.62842,39277.55102,39277.72775,39276.47255,39277.41318,39277.94036,39277.13552,39276.57172,39278.12222,39277.38095,,,,
Krager? Energi AS,,52491.39352,52493.12117,52490.42909,2.692082084,0.603072269,0.0051 %,0.0011 %,52491.13536,52490.59858,52490.80179,52491.16163,52493.12117,52491.83083,52490.62003,52491.49545,52491.66241,52491.95175,52490.42909,52491.44748,52491.55152,52490.87077,52492.03675,52491.83033,52491.77755,52491.06046,52490.9749,52490.86603,52491.89829,52491.01296,52491.00274,52491.46305,52491.28954,52491.01499,52491.79605,52493.10793,52491.44611,52491.52045,52490.86272,52490.83716,52490.90329,52492.1587,52491.10369,52491.22574,52491.92278,52491.50135,52490.75544,52491.77779,52492.17279,52490.5949,52491.32903,,,,
Kr?dsherad Everk KF,,13537.24159,13537.43504,13537.09626,0.338786162,0.089697351,0.0025 %,0.0007 %,13537.23979,13537.25639,13537.35281,13537.19991,13537.30786,13537.10173,13537.38716,13537.11608,13537.09626,13537.22652,13537.1587,13537.10524,13537.25407,13537.24904,13537.19556,13537.32013,13537.37863,13537.17734,13537.13843,13537.1719,13537.18674,13537.13762,13537.35127,13537.26134,13537.19976,13537.14436,13537.30074,13537.32542,13537.43504,13537.21956,13537.28131,13537.22435,13537.27454,13537.28623,13537.17983,13537.23305,13537.31475,13537.09672,13537.37519,13537.1609,13537.35296,13537.27003,13537.34328,,,,
Kvam Kraftverk AS,,42336.90058,42337.85493,42335.83378,2.021149646,0.393661613,0.0048 %,0.0009 %,42336.95133,42336.93711,42336.808,42336.99792,42337.85493,42337.43683,42337.01966,42336.89803,42337.07642,42337.10527,42336.35616,42336.1595,42336.7258,42337.11605,42336.78415,42337.81394,42337.1589,42336.72584,42337.04793,42335.83378,42336.58934,42336.88528,42336.96197,42337.01235,42336.88067,42336.79962,42336.83043,42337.65946,42337.17512,42336.52931,42336.40338,42336.59274,42336.83181,42337.22923,42337.18119,42336.58563,42337.15108,42336.74546,42336.56994,42337.01785,42337.10167,42336.28983,42336.89394,,,,
Kvinnherad Energi AS,,49197.1311,49199.15417,49195.31144,3.842730078,0.747124135,0.0078 %,0.0015 %,49196.98218,49197.10449,49196.60777,49197.40696,49199.15417,49198.13205,49197.11053,49197.14472,49197.99341,49197.65803,49196.08924,49196.14904,49196.86186,49197.52184,49197.01899,49198.73462,49197.40535,49197.08251,49197.55542,49195.31144,49196.49084,49197.27939,49197.05071,49197.3775,49197.02252,49196.59952,49196.8222,49198.43828,49197.64377,49196.46079,49196.09432,49196.56028,49196.79797,49198.01348,49197.584,49196.66229,49197.47552,49197.09685,49196.42899,49197.3341,49197.53362,49195.83853,49197.00715,,,,
Kv?nangen Kraftverk AS,,3591.983363,3591.983363,3591.983363,0,2.30065E-12,0.0000 %,0.0000 %,3591.983363,3591.983363,3591.983363,3591.983363,3591.983363,3591.983363,3591.983363,3591.983363,3591.983363,3591.983363,3591.983363,3591.983363,3591.983363,3591.983363,3591.983363,3591.983363,3591.983363,3591.983363,3591.983363,3591.983363,3591.983363,3591.983363,3591.983363,3591.983363,3591.983363,3591.983363,3591.983363,3591.983363,3591.983363,3591.983363,3591.983363,3591.983363,3591.983363,3591.983363,3591.983363,3591.983363,3591.983363,3591.983363,3591.983363,3591.983363,3591.983363,3591.983363,3591.983363,,,,
Lier Everk AS,,50315.93908,50316.31971,50315.23883,1.080885886,0.241724133,0.0021 %,0.0005 %,50316.10815,50316.18883,50316.30785,50315.90523,50315.23883,50315.73649,50316.24929,50315.9147,50315.47072,50315.70032,50316.2511,50315.78468,50315.90501,50316.02629,50315.74247,50315.74261,50315.99275,50315.86351,50315.8939,50316.13675,50315.9125,50315.9163,50316.16083,50315.84586,50315.98537,50316.22928,50316.0233,50315.46924,50315.93858,50315.91773,50316.207,50316.11843,50316.23131,50315.55106,50315.96882,50315.97226,50315.82537,50315.7273,50316.23488,50315.84467,50315.75545,50316.31971,50316.06581,,,,
Luostejok Kraftlag AL,,48870.93489,48871.57224,48870.25594,1.316301358,0.257468452,0.0027 %,0.0005 %,48870.91513,48870.98782,48870.95842,48870.99021,48870.25594,48870.68678,48870.8703,48870.95665,48870.96647,48870.79474,48871.32363,48871.38015,48871.0114,48870.91698,48870.96031,48870.40248,48870.66722,48871.13043,48870.99789,48871.57224,48871.01217,48871.05395,48870.88211,48870.90497,48870.96572,48871.01663,48870.84946,48870.31226,48870.69919,48871.12348,48871.21618,48871.14621,48870.96468,48870.68944,48870.87223,48871.08781,48870.71618,48871.12667,48871.10102,48870.87693,48870.65666,48871.31258,48870.86841,,,,
Luster Energiverk AS,,25081.31814,25082.18856,25080.48015,1.70840916,0.327395347,0.0068 %,0.0013 %,25081.31228,25081.29069,25081.17167,25081.38248,25082.18856,25081.75702,25081.33891,25081.32803,25081.52686,25081.52618,25080.84056,25080.79601,25081.19738,25081.4481,25081.27507,25082.03765,25081.52062,25081.19379,25081.42033,25080.48015,25081.10445,25081.30433,25081.32103,25081.40581,25081.28741,25081.17848,25081.27249,25081.99272,25081.5389,25081.03734,25080.88826,25081.04999,25081.21774,25081.65077,25081.50524,25081.08563,25081.52584,25081.22555,25081.01738,25081.42696,25081.53195,25080.77793,25081.30145,,,,
L?rdal Energi AS,,21401.53898,21401.83976,21401.14818,0.691571103,0.157550208,0.0032 %,0.0007 %,21401.5925,21401.78015,21401.63457,21401.59386,21401.55199,21401.72721,21401.75608,21401.59738,21401.44699,21401.51899,21401.52186,21401.14818,21401.41603,21401.73833,21401.32457,21401.83976,21401.66044,21401.4981,21401.67068,21401.16021,21401.32149,21401.63374,21401.68072,21401.47376,21401.53254,21401.62286,21401.53096,21401.45164,21401.69633,21401.25268,21401.40896,21401.53918,21401.72744,21401.48598,21401.69932,21401.46659,21401.46346,21401.33849,21401.56556,21401.54203,21401.51726,21401.43159,21401.6156,,,,
L?venskiold Fossum Kraft,,4372.326364,4372.326364,4372.326364,0,3.68103E-12,0.0000 %,0.0000 %,4372.326364,4372.326364,4372.326364,4372.326364,4372.326364,4372.326364,4372.326364,4372.326364,4372.326364,4372.326364,4372.326364,4372.326364,4372.326364,4372.326364,4372.326364,4372.326364,4372.326364,4372.326364,4372.326364,4372.326364,4372.326364,4372.326364,4372.326364,4372.326364,4372.326364,4372.326364,4372.326364,4372.326364,4372.326364,4372.326364,4372.326364,4372.326364,4372.326364,4372.326364,4372.326364,4372.326364,4372.326364,4372.326364,4372.326364,4372.326364,4372.326364,4372.326364,4372.326364,,,,
Mel?y Energi AS,,38709.87386,38710.96854,38709.21453,1.754016302,0.37781155,0.0045 %,0.0010 %,38709.78262,38709.57211,38709.57938,38709.71066,38710.96854,38710.34054,38709.55429,38710.04525,38709.94768,38710.19804,38709.30481,38709.61407,38709.84895,38709.66235,38710.09209,38710.38158,38710.19977,38709.60891,38709.70412,38709.21453,38710.07839,38709.71958,38709.72071,38709.81766,38709.82885,38709.78069,38710.1385,38710.89613,38709.98818,38709.72178,38709.41794,38709.53891,38709.74162,38710.29583,38709.82416,38709.74873,38710.13611,38709.75946,38709.45024,38710.12266,38710.37119,38709.25471,38709.89379,,,,
Gauldal Nett AS,,34741.15777,34741.36022,34741.05286,0.307359241,0.066671563,0.0009 %,0.0002 %,34741.11848,34741.08262,34741.07011,34741.15169,34741.36022,34741.21212,34741.0766,34741.16464,34741.25126,34741.223,34741.06079,34741.1812,34741.16795,34741.12161,34741.21517,34741.21823,34741.16654,34741.15568,34741.14792,34741.09158,34741.18059,34741.14504,34741.10461,34741.17708,34741.14525,34741.08948,34741.15846,34741.31675,34741.16526,34741.16384,34741.08565,34741.10217,34741.08643,34741.26131,34741.14155,34741.14528,34741.20216,34741.19512,34741.07895,34741.18745,34741.22664,34741.05286,34741.13458,,,,
Modalen Kraftlag BA,,4016.404644,4016.404644,4016.404644,0,2.30065E-12,0.0000 %,0.0000 %,4016.404644,4016.404644,4016.404644,4016.404644,4016.404644,4016.404644,4016.404644,4016.404644,4016.404644,4016.404644,4016.404644,4016.404644,4016.404644,4016.404644,4016.404644,4016.404644,4016.404644,4016.404644,4016.404644,4016.404644,4016.404644,4016.404644,4016.404644,4016.404644,4016.404644,4016.404644,4016.404644,4016.404644,4016.404644,4016.404644,4016.404644,4016.404644,4016.404644,4016.404644,4016.404644,4016.404644,4016.404644,4016.404644,4016.404644,4016.404644,4016.404644,4016.404644,4016.404644,,,,
Nord-Salten Kraft AS,,83734.65216,83734.99885,83734.29395,0.704899364,0.161619227,0.0008 %,0.0002 %,83734.43868,83734.54826,83734.38428,83734.99885,83734.70512,83734.81542,83734.29395,83734.67595,83734.8806,83734.83081,83734.39095,83734.7118,83734.78982,83734.78921,83734.8964,83734.58784,83734.66864,83734.77882,83734.80516,83734.829,83734.53777,83734.74884,83734.55923,83734.75858,83734.54695,83734.43722,83734.67858,83734.6003,83734.59732,83734.60344,83734.58449,83734.53614,83734.5466,83734.6943,83734.66857,83734.44499,83734.55794,83734.90753,83734.60883,83734.90298,83734.47956,83734.67273,83734.55051,,,,
Ymber AS,,96832.75625,96833.46639,96832.04312,1.423267343,0.34910187,0.0015 %,0.0004 %,96832.67012,96832.13623,96832.47276,96832.55318,96833.0959,96832.81107,96832.04312,96832.91669,96832.66434,96832.95578,96832.5026,96833.26146,96832.99095,96832.21668,96833.36051,96832.3512,96832.82429,96832.54127,96832.35162,96833.18696,96833.45185,96832.4626,96832.41442,96832.73378,96832.77554,96832.83539,96833.14788,96833.46639,96832.35794,96833.18345,96832.78532,96832.56452,96832.48836,96832.85944,96832.43911,96832.75127,96832.98991,96833.00983,96832.44124,96833.07701,96833.00497,96832.72425,96832.64775,,,,
Nord-ùsterdal Kraftlag SA,,81008.22161,81008.96671,81007.59014,1.376565704,0.308577377,0.0017 %,0.0004 %,81007.96483,81008.23886,81007.82004,81008.44464,81008.01928,81008.17681,81007.94438,81008.29398,81008.96671,81008.28066,81008.49209,81008.90148,81008.27816,81008.30576,81008.28176,81007.85207,81007.7266,81008.72249,81008.57789,81008.72251,81008.09373,81008.60372,81007.96091,81008.26441,81008.18785,81007.93223,81007.84481,81007.59014,81008.02116,81008.29981,81008.22301,81008.37728,81008.015,81008.33701,81008.2244,81008.42015,81007.89008,81008.68796,81008.17305,81008.1739,81007.95503,81008.24738,81007.99528,,,,
Nordkyn Kraftlag AL,,26939.36825,26940.23395,26938.83978,1.394169756,0.313142696,0.0052 %,0.0012 %,26939.48393,26938.86574,26939.42589,26939.06501,26939.67268,26939.31497,26939.03731,26939.37206,26938.90472,26939.43586,26939.08852,26939.45291,26939.52316,26938.8878,26939.78232,26939.20672,26939.61975,26938.94823,26938.83978,26939.49988,26939.97612,26938.89942,26939.25332,26939.37869,26939.42499,26939.57767,26939.80303,26940.23395,26939.15062,26939.75137,26939.4668,26939.16683,26939.2237,26939.37459,26939.11193,26939.2849,26939.77557,26939.34484,26939.18627,26939.5608,26939.67588,26939.39584,26939.39017,,,,
Odda Energi AS,,61789.72487,61790.43756,61788.80262,1.634939761,0.391266594,0.0026 %,0.0006 %,61789.6132,61789.51281,61789.56093,61790.2697,61790.18745,61790.36336,61789.24178,61789.78314,61789.44218,61790.07268,61788.80262,61788.93109,61789.89067,61789.99071,61790.15732,61790.1878,61790.30664,61789.39986,61789.7559,61789.30111,61789.57984,61789.55772,61789.79157,61789.91354,61789.57607,61789.69783,61790.16261,61790.43756,61789.7564,61789.44504,61789.44731,61789.24363,61789.73081,61789.67683,61789.89538,61788.96225,61789.91312,61789.77661,61789.52713,61790.4056,61789.59811,61789.60259,61789.70105,,,,
Evenes Kraftforsyning AS,,11660.30528,11660.41694,11660.24376,0.173182854,0.038610032,0.0015 %,0.0003 %,11660.30572,11660.26502,11660.27325,11660.29737,11660.41219,11660.35726,11660.26504,11660.31864,11660.32771,11660.33535,11660.24893,11660.28706,11660.30361,11660.28465,11660.33517,11660.35439,11660.3199,11660.28099,11660.2953,11660.24376,11660.32805,11660.28876,11660.28074,11660.31426,11660.30856,11660.30416,11660.31612,11660.41694,11660.29324,11660.30713,11660.26265,11660.26818,11660.27521,11660.34307,11660.31071,11660.28286,11660.34218,11660.31736,11660.24761,11660.33422,11660.33669,11660.24614,11660.29111,,,,
Oppdal Everk AS,,33498.64541,33499.05266,33498.15961,0.893046206,0.210451545,0.0027 %,0.0006 %,33498.68618,33498.65684,33498.56946,33498.69251,33498.15961,33498.70423,33498.44619,33498.83441,33498.75038,33498.56558,33498.97339,33499.0086,33498.65947,33498.60437,33498.71132,33498.26359,33498.35716,33498.77424,33498.77417,33499.05266,33498.80063,33498.80772,33498.49524,33498.58617,33498.73641,33498.89748,33498.56619,33498.24301,33498.24563,33498.78294,33498.76113,33498.77965,33498.65286,33498.40651,33498.69837,33498.72676,33498.45929,33498.89376,33498.55709,33498.7299,33498.3577,33498.83028,33498.49345,,,,
Opplandskraft DA,,6523.690486,6523.774009,6523.625067,0.148942026,0.033886662,0.0023 %,0.0005 %,6523.648544,6523.673769,6523.65538,6523.774009,6523.674842,6523.712524,6523.625493,6523.683672,6523.699603,6523.722849,6523.625067,6523.67632,6523.726679,6523.728933,6523.743519,6523.673438,6523.717123,6523.704361,6523.712406,6523.736547,6523.659552,6523.697473,6523.689889,6523.716327,6523.663099,6523.648295,6523.714507,6523.673057,6523.691068,6523.677009,6523.691716,6523.663903,6523.682385,6523.680779,6523.691193,6523.630898,6523.673621,6523.729827,6523.704815,6523.748492,6523.646791,6523.720234,6523.680883,,,,
Orkdal Energi AS,,35922.4392,35922.47019,35922.4082,0.061990893,0.018349225,0.0002 %,0.0001 %,35922.47019,35922.43344,35922.46981,35922.44861,35922.41176,35922.4256,35922.45935,35922.41391,35922.42285,35922.42043,35922.4415,35922.42067,35922.43916,35922.44647,35922.43865,35922.44312,35922.42688,35922.42693,35922.43672,35922.44023,35922.43495,35922.41982,35922.44775,35922.46739,35922.45284,35922.46135,35922.42093,35922.45337,35922.41735,35922.46807,35922.46167,35922.43613,35922.42497,35922.41583,35922.45642,35922.4159,35922.4684,35922.45444,35922.43808,35922.43367,35922.4082,35922.46506,35922.42658,,,,
Porsa Kraftlag AS,,624.2151094,624.2151094,624.2151094,0,5.75161E-13,0.0000 %,0.0000 %,624.2151094,624.2151094,624.2151094,624.2151094,624.2151094,624.2151094,624.2151094,624.2151094,624.2151094,624.2151094,624.2151094,624.2151094,624.2151094,624.2151094,624.2151094,624.2151094,624.2151094,624.2151094,624.2151094,624.2151094,624.2151094,624.2151094,624.2151094,624.2151094,624.2151094,624.2151094,624.2151094,624.2151094,624.2151094,624.2151094,624.2151094,624.2151094,624.2151094,624.2151094,624.2151094,624.2151094,624.2151094,624.2151094,624.2151094,624.2151094,624.2151094,624.2151094,624.2151094,,,,
Rakkestad Energi AS,,27931.94046,27932.29028,27931.46705,0.823228804,0.168838709,0.0029 %,0.0006 %,27931.83245,27932.0703,27931.78131,27932.08891,27931.72391,27931.96494,27931.88647,27932.01124,27932.29028,27931.93615,27932.14303,27932.18899,27931.92393,27932.07206,27931.8756,27931.79737,27931.69068,27932.21382,27932.198,27932.13188,27931.78919,27932.20356,27931.86019,27931.92687,27931.92807,27931.84933,27931.7246,27931.46705,27931.86362,27931.88237,27931.92861,27932.05816,27931.92528,27931.93158,27932.00809,27932.03668,27931.697,27932.12378,27931.95182,27931.9073,27931.74262,27931.96756,27931.84498,,,,
Rauland Kraftforsyningslag SA,,24190.36406,24190.79138,24190.07224,0.719139161,0.172707285,0.0030 %,0.0007 %,24190.43326,24190.07997,24190.39501,24190.18427,24190.47107,24190.30257,24190.17133,24190.36966,24190.12465,24190.3831,24190.26332,24190.48293,24190.455,24190.07857,24190.59776,24190.21101,24190.45689,24190.15344,24190.07224,24190.50863,24190.72616,24190.11392,24190.28234,24190.36749,24190.40706,24190.49474,24190.58494,24190.79138,24190.20337,24190.61484,24190.44957,24190.27805,24190.27342,24190.34908,24190.21221,24190.34784,24190.57558,24190.38123,24190.26676,24190.45512,24190.51176,24190.4119,24190.36109,,,,
Rauma Energi AS,,41541.92303,41543.12335,41540.73569,2.387658619,0.461188179,0.0057 %,0.0011 %,41541.88057,41541.95027,41541.81135,41541.96668,41543.12335,41542.40099,41542.09057,41541.86364,41542.06924,41542.19452,41541.2383,41541.10068,41541.76095,41542.12055,41541.79119,41542.95008,41542.33575,41541.72109,41541.98827,41540.73569,41541.56837,41541.85573,41542.03712,41542.00605,41541.82691,41541.63936,41541.93642,41542.81566,41542.43238,41541.46197,41541.36297,41541.57263,41541.8733,41542.40826,41542.10951,41541.63971,41542.19972,41541.62514,41541.66878,41541.99431,41542.3288,41541.21241,41542.02118,,,,
Kvikne-Rennebu Kraftlag AL,,29621.12138,29621.27449,29621.00944,0.265048147,0.057906712,0.0009 %,0.0002 %,29621.09553,29621.05076,29621.05056,29621.11243,29621.11314,29621.11752,29621.00944,29621.15322,29621.19229,29621.13969,29621.14696,29621.27449,29621.15177,29621.05887,29621.19579,29621.01528,29621.05568,29621.15302,29621.1133,29621.24336,29621.20231,29621.13095,29621.04658,29621.12139,29621.13017,29621.1197,29621.11705,29621.12164,29621.02993,29621.19544,29621.1356,29621.12595,29621.06581,29621.13271,29621.0874,29621.15243,29621.11132,29621.21109,29621.07373,29621.14802,29621.11019,29621.13067,29621.07637,,,,
Repv?g Kraftlag SA,,64812.01941,64813.7331,64810.91744,2.815662172,0.656052289,0.0043 %,0.0010 %,64812.19952,64810.98819,64812.05896,64811.3331,64812.62621,64811.9743,64811.23105,64812.16482,64811.05279,64812.19181,64811.50207,64812.2999,64812.33964,64810.96091,64812.89884,64811.5909,64812.55275,64811.1642,64810.91744,64812.35921,64813.37385,64811.1098,64811.73153,64811.91892,64812.1254,64812.49486,64813.00935,64813.7331,64811.53763,64812.75893,64812.18469,64811.63437,64811.79091,64812.02806,64811.43766,64811.93395,64812.75381,64811.93924,64811.61923,64812.46785,64812.71654,64812.04017,64812.08815,,,,
Rissa Kraftlag BA,,19443.8385,19444.01988,19443.62202,0.397862727,0.092737164,0.0020 %,0.0005 %,19443.8101,19443.8932,19443.74074,19443.91467,19443.71919,19443.92436,19443.76555,19443.92678,19444.01988,19443.83853,19443.95367,19443.96632,19443.81877,19443.89413,19443.82372,19443.76507,19443.68976,19443.96116,19443.9867,19443.92015,19443.79978,19443.98556,19443.76771,19443.82144,19443.85664,19443.86633,19443.73274,19443.62202,19443.72214,19443.81478,19443.81233,19443.89009,19443.83034,19443.80271,19443.90444,19443.87019,19443.71399,19443.96161,19443.7808,19443.86585,19443.70738,19443.83463,19443.75936,,,,
Norsk Hydro Produksjon AS,,1485.998167,1485.998167,1485.998167,0,1.15032E-12,0.0000 %,0.0000 %,1485.998167,1485.998167,1485.998167,1485.998167,1485.998167,1485.998167,1485.998167,1485.998167,1485.998167,1485.998167,1485.998167,1485.998167,1485.998167,1485.998167,1485.998167,1485.998167,1485.998167,1485.998167,1485.998167,1485.998167,1485.998167,1485.998167,1485.998167,1485.998167,1485.998167,1485.998167,1485.998167,1485.998167,1485.998167,1485.998167,1485.998167,1485.998167,1485.998167,1485.998167,1485.998167,1485.998167,1485.998167,1485.998167,1485.998167,1485.998167,1485.998167,1485.998167,1485.998167,,,,
Rollag Elektrisitetsverk SA,,11588.41265,11588.61384,11588.16172,0.452122795,0.109176073,0.0039 %,0.0009 %,11588.44364,11588.50271,11588.58993,11588.35985,11588.32741,11588.27627,11588.61384,11588.32473,11588.16172,11588.35328,11588.40694,11588.22747,11588.40429,11588.44417,11588.31323,11588.46053,11588.57058,11588.32956,11588.31598,11588.35851,11588.35601,11588.32868,11588.56648,11588.38126,11588.38176,11588.40525,11588.50642,11588.37773,11588.60028,11588.34843,11588.48388,11588.43733,11588.53825,11588.36449,11588.36904,11588.41702,11588.43232,11588.20497,11588.59387,11588.3316,11588.4883,11588.49975,11588.54639,,,,
R?d?y-Lur?y Kraftverk AS,,53649.81026,53654.83461,53647.32815,7.506462819,1.756801338,0.0140 %,0.0033 %,53649.25747,53647.5975,53648.19681,53648.71589,53654.6568,53651.39059,53647.52753,53650.58223,53650.13811,53651.34731,53647.32815,53649.92639,53650.11071,53648.01704,53651.58031,53650.99524,53651.03367,53648.57226,53648.43605,53648.12478,53651.73164,53648.72318,53648.63126,53649.58916,53649.652,53649.35053,53651.31635,53654.83461,53649.71611,53650.05767,53648.18058,53648.2937,53648.73932,53651.78258,53648.96602,53649.53554,53651.22423,53649.80874,53647.76379,53651.04646,53652.26322,53647.37456,53649.72511,,,,
R?ros Elektrisitetsverk AS,,32392.64054,32393.06679,32392.29195,0.774841102,0.190962981,0.0024 %,0.0006 %,32392.61589,32392.32202,32392.46622,32392.58846,32392.71902,32392.59609,32392.29195,32392.66313,32392.8035,32392.69743,32392.62546,32393.06679,32392.75636,32392.39611,32392.93057,32392.35874,32392.46912,32392.65634,32392.53121,32392.97643,32392.94236,32392.55414,32392.40913,32392.71598,32392.68686,32392.64357,32392.64227,32392.86594,32392.33647,32392.96642,32392.70774,32392.59353,32392.39063,32392.69675,32392.52515,32392.67176,32392.75271,32392.9371,32392.45536,32392.7277,32392.63511,32392.67038,32392.48534,,,,
Sand?y Energi AS,,11628.9692,11630.73908,11628.11364,2.625434751,0.620550476,0.0226 %,0.0053 %,11628.77488,11628.1856,11628.42732,11628.53012,11630.63509,11629.50693,11628.1563,11629.27223,11628.9804,11629.50346,11628.11364,11629.01632,11629.08386,11628.28996,11629.60296,11629.33602,11629.45238,11628.49093,11628.42433,11628.41453,11629.7126,11628.55825,11628.56665,11628.83842,11628.90988,11628.84926,11629.58356,11630.73908,11628.94273,11629.05393,11628.4173,11628.44685,11628.64384,11629.63378,11628.62734,11628.90136,11629.45438,11628.90874,11628.27677,11629.41567,11629.88009,11628.13821,11628.97959,,,,
Hjartdal Elverk AS,,15779.74368,15779.90885,15779.54299,0.365855245,0.083694795,0.0023 %,0.0005 %,15779.75763,15779.78754,15779.79907,15779.72013,15779.87249,15779.7835,15779.83773,15779.72584,15779.64424,15779.75875,15779.65045,15779.54299,15779.71142,15779.77798,15779.68579,15779.90885,15779.87338,15779.66849,15779.71285,15779.54309,15779.68797,15779.70401,15779.81843,15779.72573,15779.72327,15779.73203,15779.80097,15779.86033,15779.87532,15779.64224,15779.68437,15779.70356,15779.80348,15779.77833,15779.75816,15779.70459,15779.78361,15779.60874,15779.76653,15779.73765,15779.8326,15779.67143,15779.81259,,,,
Selbu Energiverk AS,,26341.11677,26341.35589,26340.8799,0.475991312,0.101194979,0.0018 %,0.0004 %,26341.11731,26341.11411,26341.13995,26341.08993,26341.35589,26341.16744,26341.18081,26341.08199,26341.05679,26341.16146,26340.96322,26340.91894,26341.09328,26341.13175,26341.09026,26341.31924,26341.25523,26341.03336,26341.07038,26340.8799,26341.06958,26341.05431,26341.17106,26341.12289,26341.09028,26341.06277,26341.17125,26341.33451,26341.25926,26341.03124,26341.02968,26341.04311,26341.13024,26341.20736,26341.12068,26341.06332,26341.19838,26341.00057,26341.10576,26341.11806,26341.24267,26340.99808,26341.17491,,,,
Sira Kvina Kraftselskap,,9317.792272,9317.792272,9317.792272,0,5.52155E-12,0.0000 %,0.0000 %,9317.792272,9317.792272,9317.792272,9317.792272,9317.792272,9317.792272,9317.792272,9317.792272,9317.792272,9317.792272,9317.792272,9317.792272,9317.792272,9317.792272,9317.792272,9317.792272,9317.792272,9317.792272,9317.792272,9317.792272,9317.792272,9317.792272,9317.792272,9317.792272,9317.792272,9317.792272,9317.792272,9317.792272,9317.792272,9317.792272,9317.792272,9317.792272,9317.792272,9317.792272,9317.792272,9317.792272,9317.792272,9317.792272,9317.792272,9317.792272,9317.792272,9317.792272,9317.792272,,,,
Skj?k Energi KF,,17887.06639,17887.17646,17886.95738,0.219080988,0.052519938,0.0012 %,0.0003 %,17887.08046,17887.01144,17887.05329,17887.03156,17886.99961,17887.06581,17886.98392,17887.11159,17887.03226,17887.05913,17887.10876,17887.16465,17887.0886,17886.99434,17887.12764,17886.95738,17887.03851,17887.04719,17887.02616,17887.17646,17887.17637,17887.04803,17887.02049,17887.04459,17887.08854,17887.13827,17887.10824,17887.07409,17886.96445,17887.13657,17887.10247,17887.07603,17887.05709,17887.02156,17887.03692,17887.08683,17887.06629,17887.10782,17887.03309,17887.10287,17887.05408,17887.10739,17887.04384,,,,
Sk?nevik ùlen Kraftlag,,30636.40597,30637.29932,30635.5508,1.748516198,0.336743343,0.0057 %,0.0011 %,30636.34762,30636.42296,30636.19761,30636.49645,30637.29932,30636.8847,30636.41288,30636.45331,30636.70504,30636.63945,30635.94402,30635.90881,30636.27137,30636.57245,30636.33543,30637.13989,30636.58777,30636.34283,30636.572,30635.5508,30636.14151,30636.46726,30636.39487,30636.46441,30636.35511,30636.21693,30636.33219,30636.99354,30636.65855,30636.05712,30635.92806,30636.15374,30636.3222,30636.77472,30636.60298,30636.20372,30636.54094,30636.31757,30636.10339,30636.514,30636.62188,30635.81836,30636.38896,,,,
Sognekraft AS,,79419.74773,79421.80094,79417.79522,4.005715357,0.947040852,0.0050 %,0.0012 %,79419.22205,79419.62077,79418.97309,79420.91603,79421.80094,79421.16114,79419.1662,79419.69983,79420.44314,79420.65011,79417.79522,79418.14249,79419.80247,79420.63683,79420.12526,79421.50561,79420.58418,79419.6476,79420.36067,79418.00448,79418.69214,79419.8844,79419.80567,79420.24142,79419.32845,79418.85098,79419.84868,79421.13421,79420.43823,79418.72897,79418.60186,79418.78457,79419.46757,79420.5111,79420.28988,79418.48227,79420.0024,79419.89205,79419.19278,79420.64786,79419.78499,79418.65368,79419.62998,,,,
Stranda Energiverk AS,,23177.97405,23178.89139,23177.01719,1.874206178,0.368975261,0.0081 %,0.0016 %,23178.03878,23177.93098,23177.94211,23177.95452,23178.89139,23178.42164,23178.05656,23177.97897,23177.94217,23178.16613,23177.4264,23177.27591,23177.84332,23178.05555,23177.92678,23178.77185,23178.32967,23177.69428,23177.95211,23177.01719,23177.83028,23177.84203,23178.04643,23178.03085,23177.95285,23177.932,23178.06565,23178.83353,23178.24359,23177.6778,23177.55089,23177.66457,23177.94385,23178.26584,23178.14143,23177.69755,23178.27193,23177.73749,23177.68909,23178.10489,23178.28055,23177.43409,23178.0306,,,,
Stryn Energi AS,,32768.20998,32769.01816,32767.37354,1.644618632,0.320365925,0.0050 %,0.0010 %,32768.18175,32768.25651,32768.0426,32768.32821,32769.01816,32768.66289,32768.26341,32768.22895,32768.50329,32768.40928,32767.78436,32767.69624,32768.06895,32768.41258,32768.11201,32768.93572,32768.36028,32768.15987,32768.40181,32767.37354,32767.90884,32768.27807,32768.21983,32768.29475,32768.17194,32768.04214,32768.09405,32768.73444,32768.44597,32767.87574,32767.76697,32767.97626,32768.12823,32768.53568,32768.43738,32767.99223,32768.3446,32768.13795,32767.93088,32768.29731,32768.36343,32767.67103,32768.18085,,,,
Suldal Elverk KF,,38200.07778,38201.30709,38198.8721,2.434992624,0.484984011,0.0064 %,0.0013 %,38199.97287,38200.11884,38199.9009,38200.2488,38201.30709,38200.62783,38200.18484,38200.01854,38200.29076,38200.40251,38199.29917,38199.19743,38199.93807,38200.3649,38199.97846,38201.14969,38200.51763,38199.91585,38200.21893,38198.8721,38199.62841,38200.05705,38200.19482,38200.19374,38199.94223,38199.71899,38200.08603,38200.93671,38200.61631,38199.5481,38199.474,38199.68945,38200.02163,38200.57791,38200.2985,38199.71317,38200.31555,38199.82448,38199.82517,38200.21758,38200.4257,38199.35417,38200.15951,,,,
SKL Nett AS,,165525.4416,165529.2271,165522.3604,6.866747421,1.538521601,0.0041 %,0.0009 %,165523.5532,165525.0386,165524.4574,165529.2271,165524.3557,165525.8897,165523.2071,165524.7177,165525.0166,165526.7283,165522.3604,165524.0972,165527.1149,165527.4364,165527.5167,165524.826,165527.2436,165525.8605,165526.1643,165527.4312,165523.664,165525.4916,165526.017,165526.5829,165524.0151,165523.3241,165526.8351,165524.3774,165526.2412,165524.5558,165525.7885,165524.3096,165525.5088,165524.8353,165525.3193,165522.6664,165524.6963,165526.5356,165526.8631,165527.7995,165523.6324,165527.1949,165525.4904,,,,
Sykkylven Energi AS,,24659.87536,24660.21618,24659.4451,0.771079259,0.15108935,0.0031 %,0.0006 %,24659.9399,24659.97105,24659.9263,24659.87952,24660.10001,24660.10374,24659.98677,24659.92879,24659.77893,24659.90929,24659.73239,24659.49677,24659.78008,24659.97261,24659.77105,24660.21618,24660.0362,24659.75358,24659.91546,24659.4451,24659.77174,24659.87316,24659.95842,24659.84498,24659.87973,24659.95757,24659.9234,24660.07986,24659.98725,24659.66987,24659.70713,24659.79218,24659.97204,24659.89657,24659.99893,24659.76225,24659.92437,24659.71017,24659.79616,24659.93215,24659.94243,24659.69049,24659.92597,,,,
S?r Aurdal Energi AS,,26169.33375,26169.72024,26168.99648,0.72376129,0.169879691,0.0028 %,0.0006 %,26169.35725,26169.30757,26169.42468,26169.23015,26169.66976,26169.3758,26169.43874,26169.28633,26169.10073,26169.38711,26169.09672,26169.00883,26169.31052,26169.29953,26169.31075,26169.60725,26169.6149,26169.13465,26169.17449,26168.99648,26169.33827,26169.17364,26169.44147,26169.30877,26169.29546,26169.30342,26169.51015,26169.72024,26169.55984,26169.22333,26169.23672,26169.21981,26169.39622,26169.43691,26169.29365,26169.26157,26169.48538,26169.08778,26169.34722,26169.34336,26169.57937,26169.19014,26169.46643,,,,
Tr?nderEnergi Nett AS,,669888.4454,669893.8601,669883.9473,9.91273901,2.274693634,0.0015 %,0.0003 %,669889.1945,669887.6347,669887.2547,669887.6884,669885.4288,669888.2901,669886.6268,669889.8357,669891.3537,669887.5339,669892.2766,669893.8601,669888.3272,669886.9188,669889.0545,669884.7391,669884.0896,669890.1163,669889.4286,669892.2711,669890.7012,669889.804,669886.0441,669888.3311,669889.8349,669890.4815,669886.2632,669885.91,669883.9473,669891.2022,669889.4565,669889.8711,669886.9895,669887.4022,669888.7268,669890.3001,669887.584,669891.7594,669886.5456,669888.1261,669886.3799,669889.2789,669886.2895,,,,
S?rfold Kraftlag SA,,14790.68638,14791.01662,14790.33901,0.677614283,0.131438026,0.0046 %,0.0009 %,14790.69444,14790.69032,14790.63305,14790.72609,14791.01662,14790.8753,14790.70548,14790.69226,14790.77887,14790.76267,14790.50508,14790.46341,14790.62996,14790.75671,14790.65692,14790.98508,14790.75461,14790.64253,14790.74781,14790.33901,14790.58382,14790.69307,14790.69053,14790.72728,14790.68008,14790.64369,14790.65017,14790.93742,14790.76434,14790.56739,14790.51236,14790.58236,14790.64876,14790.8066,14790.78197,14790.58415,14790.76456,14790.65714,14790.5608,14790.73064,14790.74763,14790.47233,14790.67109,,,,
Tinfos AS,,1681.145489,1681.145489,1681.145489,0,4.60129E-13,0.0000 %,0.0000 %,1681.145489,1681.145489,1681.145489,1681.145489,1681.145489,1681.145489,1681.145489,1681.145489,1681.145489,1681.145489,1681.145489,1681.145489,1681.145489,1681.145489,1681.145489,1681.145489,1681.145489,1681.145489,1681.145489,1681.145489,1681.145489,1681.145489,1681.145489,1681.145489,1681.145489,1681.145489,1681.145489,1681.145489,1681.145489,1681.145489,1681.145489,1681.145489,1681.145489,1681.145489,1681.145489,1681.145489,1681.145489,1681.145489,1681.145489,1681.145489,1681.145489,1681.145489,1681.145489,,,,
Tinn Energi AS,,52067.29355,52067.57975,52066.7481,0.831646526,0.179445331,0.0016 %,0.0003 %,52067.42968,52067.28632,52067.57975,52067.11209,52067.04854,52067.12987,52067.42572,52067.26694,52066.7481,52067.17973,52067.33983,52067.13978,52067.3186,52067.16306,52067.28872,52067.17964,52067.51675,52067.04583,52067.01852,52067.37693,52067.49009,52067.07185,52067.43913,52067.2041,52067.31885,52067.52111,52067.56936,52067.37929,52067.32474,52067.36201,52067.47355,52067.31935,52067.47217,52067.09079,52067.18496,52067.29747,52067.38622,52067.04076,52067.45565,52067.2824,52067.39123,52067.50428,52067.44883,,,,
Troms Kraft Nett AS,,523747.8805,523756.2516,523743.4327,12.81895173,2.851721483,0.0024 %,0.0005 %,523748.7128,523743.4327,523746.0694,523744.8672,523753.9158,523749.6174,523744.2506,523749.1083,523748.517,523749.1541,523746.0369,523750.2145,523748.1526,523743.5918,523750.9198,523748.1304,523747.6346,523745.6746,523745.1843,523746.7126,523752.8659,523745.5892,523745.0738,523747.9702,523748.9373,523749.326,523749.1495,523756.2516,523744.9034,523750.8651,523746.5036,523746.0668,523745.1062,523749.9773,523746.7788,523748.1411,523751.1564,523749.3027,523743.4701,523749.208,523750.8235,523744.8918,523746.6072,,,,
Tr?gstad Elverk AS,,19896.78699,19896.8931,19896.71336,0.179734703,0.038089806,0.0009 %,0.0002 %,19896.75523,19896.76805,19896.71336,19896.80903,19896.83854,19896.82938,19896.72543,19896.81386,19896.8931,19896.81685,19896.78171,19896.84958,19896.78859,19896.78669,19896.81038,19896.78289,19896.7399,19896.83082,19896.82878,19896.79464,19896.78454,19896.82848,19896.73887,19896.79199,19896.78494,19896.75581,19896.75101,19896.78367,19896.75569,19896.78663,19896.75006,19896.78048,19896.74827,19896.82618,19896.79538,19896.79582,19896.76568,19896.84687,19896.73785,19896.80506,19896.77721,19896.74212,19896.7512,,,,
Tysnes Kraftlag SA,,28172.80774,28174.78775,28171.58286,3.204890592,0.654292834,0.0114 %,0.0023 %,28172.62445,28172.38005,28172.53732,28172.70391,28174.78775,28173.08538,28172.76379,28172.50589,28173.0553,28173.27894,28171.65864,28172.13373,28172.80417,28172.71183,28172.98778,28173.92725,28173.38706,28172.48378,28172.53057,28171.58286,28172.65133,28172.4067,28172.80973,28173.05935,28172.62319,28172.10961,28172.9432,28174.51484,28173.49959,28172.60189,28172.19307,28172.22522,28172.40587,28173.7353,28172.71258,28172.50035,28173.46381,28172.56383,28172.46761,28172.85575,28173.64108,28171.89334,28172.92521,,,,
Hardanger Energi AS,,54710.94695,54712.87216,54708.92494,3.947219338,0.766956943,0.0072 %,0.0014 %,54710.94518,54711.01552,54710.81858,54711.00375,54712.87216,54711.80632,54711.24239,54710.89474,54711.08502,54711.3687,54709.83383,54709.49721,54710.65277,54711.27606,54710.71217,54712.67324,54711.65633,54710.54728,54711.04818,54708.92494,54710.39341,54710.82113,54711.15477,54711.06122,54710.82062,54710.609,54711.00753,54712.44974,54711.73329,54710.16864,54710.01942,54710.36321,54710.91644,54711.66783,54711.30098,54710.44204,54711.41754,54710.41917,54710.49436,54711.1043,54711.58634,54709.78307,54711.11045,,,,
Uvdal Kraftforsyning AL,,11857.48033,11857.4977,11857.46483,0.032874067,0.008173129,0.0003 %,0.0001 %,11857.47809,11857.47996,11857.47217,11857.48407,11857.46816,11857.48339,11857.4703,11857.48714,11857.49304,11857.47996,11857.49082,11857.4977,11857.4812,11857.47977,11857.48354,11857.46723,11857.46712,11857.48928,11857.48809,11857.4952,11857.48351,11857.48924,11857.47236,11857.47915,11857.48237,11857.48357,11857.47407,11857.46483,11857.46696,11857.48447,11857.4818,11857.48478,11857.47745,11857.47653,11857.48202,11857.48442,11857.47195,11857.4928,11857.47556,11857.48303,11857.47045,11857.48348,11857.47318,,,,
Vang Energiverk KF,,17777.2203,17777.50387,17777.07047,0.433393288,0.101386483,0.0024 %,0.0006 %,17777.26594,17777.08014,17777.18868,17777.13058,17777.35496,17777.33051,17777.07047,17777.30688,17777.12412,17777.26185,17777.14197,17777.22922,17777.23613,17777.07923,17777.3435,17777.21525,17777.27652,17777.09025,17777.10925,17777.18389,17777.42135,17777.12717,17777.14742,17777.19166,17777.25719,17777.35019,17777.3478,17777.50387,17777.09394,17777.29224,17777.18137,17777.14789,17777.18888,17777.21711,17777.1912,17777.18656,17777.31721,17777.23096,17777.07659,17777.33061,17777.29989,17777.15518,17777.19713,,,,
Varanger Kraftnett AS,,179304.2806,179306.3645,179302.5043,3.860255492,0.882094063,0.0022 %,0.0005 %,179304.7988,179303.0187,179304.3516,179302.7392,179304.7735,179303.8055,179303.6006,179304.5467,179303.6937,179304.1311,179304.7051,179305.7083,179304.4262,179302.5043,179305.0216,179303.2909,179304.0025,179303.5469,179302.9424,179305.0404,179306.3645,179303.3477,179303.5778,179304.0273,179304.7527,179305.1627,179304.8399,179306.0071,179303.1917,179305.7372,179304.6646,179304.2591,179303.7318,179304.3841,179303.5182,179304.9924,179305.1579,179304.438,179303.5321,179304.1842,179305.2023,179304.2185,179304.126,,,,
Vest-Telemark Kraftlag AS,,121914.714,121916.3189,121913.2684,3.050562759,0.68823339,0.0025 %,0.0006 %,121914.4434,121914.3646,121914.7722,121914.8278,121916.3189,121914.6606,121914.8439,121914.1275,121914.2819,121915.1567,121913.2684,121913.5832,121914.8993,121914.8022,121914.9527,121915.7582,121915.8114,121914.2052,121914.2088,121913.705,121914.3692,121914.058,121915.092,121915.0237,121914.3402,121913.8418,121915.2424,121916.2855,121915.8189,121914.3965,121914.3741,121914.0763,121914.5666,121915.426,121914.4589,121914.1457,121915.3903,121914.1539,121914.9208,121914.8273,121915.5285,121914.2536,121915.1209,,,,
Dalane energi IKS,,102362.5541,102363.4769,102361.3856,2.091324879,0.517471296,0.0020 %,0.0005 %,102362.3777,102363.4019,102362.4134,102363.2642,102362.1183,102363.2112,102362.8284,102362.8337,102362.9627,102362.5942,102362.6658,102361.8765,102362.3031,102363.4769,102362.0253,102363.0612,102362.5139,102362.9815,102363.4697,102362.0148,102361.5807,102363.3231,102362.7925,102362.4371,102362.4312,102362.5075,102362.2171,102361.3856,102362.8215,102361.617,102362.1799,102362.6803,102363.0221,102362.337,102363.1373,102362.3187,102361.8438,102362.4789,102362.6825,102362.7105,102361.9633,102362.4146,102362.5483,,,,
ùrskog Energi AS,,25178.59024,25179.16228,25178.13509,1.027190725,0.200781108,0.0041 %,0.0008 %,25178.59443,25178.4914,25178.51206,25178.6068,25179.16228,25178.78562,25178.57915,25178.53698,25178.70159,25178.71846,25178.25894,25178.31878,25178.5516,25178.6141,25178.62192,25178.99382,25178.71515,25178.48855,25178.58431,25178.13509,25178.51132,25178.50853,25178.57796,25178.68948,25178.57365,25178.47388,25178.57254,25179.10626,25178.71195,25178.5104,25178.36987,25178.40359,25178.46471,25178.81833,25178.66033,25178.43905,25178.79282,25178.56514,25178.40779,25178.64425,25178.74739,25178.28882,25178.57103,,,,
ùvre Eiker Nett AS,,49402.68905,49403.25564,49401.56604,1.689599024,0.390623206,0.0034 %,0.0008 %,49402.81952,49403.20075,49403.14054,49402.70858,49401.56604,49402.38973,49403.1715,49402.70255,49402.17342,49402.35186,49403.25564,49402.55173,49402.6165,49402.92292,49402.30351,49402.35851,49402.6988,49402.74902,49402.77092,49403.03834,49402.50599,49402.83581,49403.01788,49402.48539,49402.70661,49402.99493,49402.73057,49401.65864,49402.77857,49402.51833,49403.04424,49403.03784,49403.18524,49402.15249,49402.74057,49402.83545,49402.31972,49402.37697,49403.20535,49402.50129,49402.38162,49403.23249,49402.89283,,,,
èrdal Energi KF,,24550.84769,24551.22795,24550.44214,0.785806554,0.175447057,0.0032 %,0.0007 %,24550.97498,24550.85009,24551.01404,24550.73907,24551.04478,24550.9734,24550.96599,24550.8613,24550.49733,24550.84937,24550.67056,24550.44214,24550.79335,24550.81979,24550.80931,24551.11884,24551.1207,24550.57933,24550.69734,24550.48165,24550.90154,24550.67973,24550.96701,24550.80601,24550.8661,24551.01304,24551.04719,24551.22795,24550.95154,24550.74723,24550.77236,24550.74146,24550.96427,24550.81481,24550.88084,24550.72642,24551.01011,24550.59674,24550.81151,24550.91019,24551.00404,24550.75045,24550.95682,,,,
SFE Nett AS,,309336.8138,309346.2714,309328.9575,17.3139243,3.58741188,0.0056 %,0.0012 %,309334.233,309334.3159,309333.0037,309339.7556,309346.2714,309341.2262,309332.9,309336.7299,309339.4205,309340.8015,309328.9575,309333.1388,309337.7588,309337.9472,309339.8319,309341.962,309340.1415,309336.0062,309337.3421,309331.8105,309335.1543,309336.2378,309335.9904,309338.3953,309335.1224,309332.8057,309338.315,309344.2797,309339.0202,309334.4979,309332.7095,309332.8606,309334.7726,309340.8252,309337.1435,309332.9783,309338.5516,309337.6879,309334.2262,309340.3055,309338.7737,309332.3614,309336.4227,,,,
Driva Kraftverk,,2296.660758,2296.661551,2296.660137,0.001414743,0.000321876,0.0001 %,0.0000 %,2296.66036,2296.660599,2296.660425,2296.661551,2296.66061,2296.660967,2296.660141,2296.660693,2296.660845,2296.661066,2296.660137,2296.660624,2296.661102,2296.661123,2296.661262,2296.660596,2296.661011,2296.66089,2296.660966,2296.661196,2296.660464,2296.660824,2296.660752,2296.661004,2296.660498,2296.660357,2296.660986,2296.660593,2296.660764,2296.66063,2296.66077,2296.660506,2296.660681,2296.660666,2296.660765,2296.660192,2296.660598,2296.661132,2296.660894,2296.661309,2296.660343,2296.661041,2296.660667,,,,
Svorka Energi AS,,64716.87991,64718.69903,64715.63031,3.068716164,0.613770102,0.0047 %,0.0009 %,64716.73205,64716.57156,64716.67236,64716.82439,64718.69903,64717.17096,64716.93691,64716.58555,64717.10393,64717.29838,64715.81547,64716.12734,64716.83736,64716.88023,64716.96417,64718.01917,64717.43392,64716.58622,64716.68362,64715.63031,64716.62865,64716.54256,64716.93729,64717.12,64716.70703,64716.23813,64716.96455,64718.40665,64717.57959,64716.60765,64716.28389,64716.34588,64716.55207,64717.72194,64716.85587,64716.56328,64717.46945,64716.60711,64716.59005,64716.90367,64717.61705,64716.01637,64717.00456,,,,
Hallingdal Kraftnett AS,,134197.6893,134198.796,134196.1774,2.618602916,0.535867477,0.0020 %,0.0004 %,134198.1337,134198.0501,134198.3589,134197.4815,134196.1774,134197.6862,134197.9174,134198.0602,134196.4264,134197.2571,134198.3488,134197.409,134197.6229,134197.6249,134197.5155,134197.1217,134197.8979,134197.2861,134197.475,134198.139,134198.1039,134197.6072,134197.9788,134197.2747,134197.8839,134198.796,134198.2225,134196.9734,134197.2667,134197.6673,134198.1554,134197.9917,134198.4231,134196.6629,134197.7552,134197.7087,134197.4257,134197.261,134197.9866,134197.8626,134197.327,134198.4179,134197.8987,,,,
Ustekveikja Kraftverk DA,,370.3355411,370.3355411,370.3355411,0,2.30065E-13,0.0000 %,0.0000 %,370.3355411,370.3355411,370.3355411,370.3355411,370.3355411,370.3355411,370.3355411,370.3355411,370.3355411,370.3355411,370.3355411,370.3355411,370.3355411,370.3355411,370.3355411,370.3355411,370.3355411,370.3355411,370.3355411,370.3355411,370.3355411,370.3355411,370.3355411,370.3355411,370.3355411,370.3355411,370.3355411,370.3355411,370.3355411,370.3355411,370.3355411,370.3355411,370.3355411,370.3355411,370.3355411,370.3355411,370.3355411,370.3355411,370.3355411,370.3355411,370.3355411,370.3355411,370.3355411,,,,
Kraftverkene i Orkla DA,,11723.77757,11723.80823,11723.75356,0.0546712,0.012438561,0.0005 %,0.0001 %,11723.76217,11723.77143,11723.76468,11723.80823,11723.77183,11723.78566,11723.75371,11723.77507,11723.78092,11723.78945,11723.75356,11723.77237,11723.79085,11723.79168,11723.79704,11723.77131,11723.78735,11723.78266,11723.78562,11723.79448,11723.76622,11723.78013,11723.77735,11723.78705,11723.76752,11723.76208,11723.78639,11723.77117,11723.77778,11723.77262,11723.77802,11723.76781,11723.7746,11723.77401,11723.77783,11723.7557,11723.77138,11723.79201,11723.78283,11723.79886,11723.76153,11723.78849,11723.77404,,,,
Hydro Aluminium AS,,24205.88724,24205.88724,24205.88724,0,1.10431E-11,0.0000 %,0.0000 %,24205.88724,24205.88724,24205.88724,24205.88724,24205.88724,24205.88724,24205.88724,24205.88724,24205.88724,24205.88724,24205.88724,24205.88724,24205.88724,24205.88724,24205.88724,24205.88724,24205.88724,24205.88724,24205.88724,24205.88724,24205.88724,24205.88724,24205.88724,24205.88724,24205.88724,24205.88724,24205.88724,24205.88724,24205.88724,24205.88724,24205.88724,24205.88724,24205.88724,24205.88724,24205.88724,24205.88724,24205.88724,24205.88724,24205.88724,24205.88724,24205.88724,24205.88724,24205.88724,,,,
Gudbrandsdal Energi AS,,99678.44912,99678.70827,99678.08303,0.625243565,0.138058437,0.0006 %,0.0001 %,99678.3862,99678.65737,99678.48871,99678.667,99678.23711,99678.42748,99678.59279,99678.38019,99678.49737,99678.42466,99678.46449,99678.29145,99678.43812,99678.70827,99678.31979,99678.50749,99678.45927,99678.57704,99678.63321,99678.44406,99678.14582,99678.58273,99678.57366,99678.48611,99678.38515,99678.33089,99678.35332,99678.08303,99678.60117,99678.27476,99678.46762,99678.49864,99678.54699,99678.38339,99678.54133,99678.37802,99678.29902,99678.42527,99678.62605,99678.41957,99678.27724,99678.54846,99678.48195,,,,
Valdres Energiverk AS,,69666.01464,69666.65133,69665.07147,1.579865784,0.366483405,0.0023 %,0.0005 %,69666.0848,69666.26922,69665.93719,69666.14936,69665.07147,69666.2231,69665.83696,69666.4106,69666.15736,69665.84843,69666.65133,69666.4257,69665.94889,69666.11346,69665.93861,69665.49824,69665.57187,69666.27184,69666.37395,69666.52956,69666.09728,69666.43,69665.86222,69665.82318,69666.15248,69666.49248,69665.85815,69665.07535,69665.45198,69666.00984,69666.14049,69666.3013,69666.20941,69665.53985,69666.20968,69666.15876,69665.54335,69666.29389,69665.9364,69666.14081,69665.4743,69666.29531,69665.82114,,,,
Vinstra Kraftselskap DA,,597.4779617,597.4779617,597.4779617,0,0,0.0000 %,0.0000 %,597.4779617,597.4779617,597.4779617,597.4779617,597.4779617,597.4779617,597.4779617,597.4779617,597.4779617,597.4779617,597.4779617,597.4779617,597.4779617,597.4779617,597.4779617,597.4779617,597.4779617,597.4779617,597.4779617,597.4779617,597.4779617,597.4779617,597.4779617,597.4779617,597.4779617,597.4779617,597.4779617,597.4779617,597.4779617,597.4779617,597.4779617,597.4779617,597.4779617,597.4779617,597.4779617,597.4779617,597.4779617,597.4779617,597.4779617,597.4779617,597.4779617,597.4779617,597.4779617,,,,
Nordm?re Energiverk AS,,220336.3478,220337.3596,220334.9499,2.409690542,0.518102272,0.0011 %,0.0002 %,220335.6016,220336.2278,220335.9021,220337.0515,220337.3353,220336.1955,220336.1651,220335.8084,220336.8407,220336.8708,220335.2322,220335.9616,220336.6645,220336.828,220336.611,220336.8442,220336.8902,220336.6261,220336.475,220336.1544,220335.5395,220336.3284,220336.5325,220336.7218,220335.8134,220334.9499,220336.4064,220336.6088,220337.3596,220335.928,220336.0785,220335.9633,220336.092,220337.0778,220336.1343,220335.9298,220336.362,220336.3673,220336.76,220336.4532,220336.6041,220336.1318,220336.5286,,,,
Hemsedal Energi KF,,33359.42638,33359.77821,33359.08898,0.68923384,0.144956094,0.0021 %,0.0004 %,33359.53276,33359.35824,33359.42622,33359.34721,33359.17964,33359.57442,33359.23079,33359.64184,33359.27164,33359.38458,33359.57888,33359.55869,33359.42843,33359.28485,33359.53459,33359.20911,33359.36287,33359.33183,33359.38027,33359.59808,33359.70875,33359.42453,33359.32157,33359.32333,33359.52306,33359.77821,33359.55073,33359.4157,33359.08898,33359.53154,33359.47511,33359.45543,33359.48483,33359.21173,33359.4448,33359.43738,33359.39091,33359.50029,33359.27715,33359.5826,33359.32806,33359.50838,33359.35625,,,,
Notodden Energi AS,,57366.72341,57367.50371,57365.80237,1.701334285,0.429154228,0.0030 %,0.0007 %,57366.76433,57367.33857,57367.29571,57366.71225,57365.87887,57366.23562,57367.50371,57366.52114,57366.0806,57366.41756,57367.08287,57366.27413,57366.64062,57367.05629,57366.18596,57366.67185,57367.00797,57366.7386,57366.7083,57366.79795,57366.30312,57366.77129,57367.26574,57366.5339,57366.61514,57366.71646,57366.82656,57365.80237,57367.306,57366.36448,57367.03742,57367.0308,57367.29867,57366.38198,57366.68585,57366.87053,57366.41795,57366.10513,57367.48988,57366.36863,57366.67359,57367.19008,57367.13793,,,,
Lofotkraft AS,,214004.5785,214014.503,213999.9246,14.57845107,3.371373696,0.0068 %,0.0016 %,214004.2265,214000.1283,214001.8248,214001.6227,214013.5379,214007.4236,214000.4237,214006.2395,214005.1396,214007.0645,214000.7493,214005.4871,214004.8923,214000.459,214007.8071,214006.4726,214006.2067,214002.0017,214001.6583,214001.4872,214009.0967,214002.3093,214002.0022,214004.0536,214004.8071,214004.6541,214007.1287,214014.503,214003.5111,214005.8194,214001.7196,214001.9556,214002.3115,214008.0974,214003.021,214004.5711,214007.6438,214004.7478,214000.1466,214006.5651,214009.2932,213999.9246,214004.1416,,,,
Nore Energi AS,,17164.08301,17164.2484,17163.84603,0.40237258,0.097502658,0.0023 %,0.0006 %,17164.10871,17164.20678,17164.19472,17164.06386,17164.07859,17164.09562,17164.2484,17164.07236,17163.91823,17164.05851,17164.05838,17163.84603,17164.03498,17164.15792,17163.96342,17164.2242,17164.22392,17164.01686,17164.07054,17163.90418,17163.98976,17164.0709,17164.20678,17164.03121,17164.06044,17164.10568,17164.14744,17164.06142,17164.24331,17163.93736,17164.05673,17164.08746,17164.21813,17164.05416,17164.10874,17164.06329,17164.06653,17163.89349,17164.17512,17164.05238,17164.13943,17164.06779,17164.18548,,,,
Aurland Energiverk AS,,20131.93768,20132.56736,20131.1567,1.410666279,0.27440422,0.0070 %,0.0014 %,20131.976,20132.08748,20131.90814,20131.97703,20132.46865,20132.38944,20132.06235,20132.05359,20131.94013,20132.05834,20131.64713,20131.34305,20131.77197,20132.11972,20131.77491,20132.56736,20132.17896,20131.79674,20132.06777,20131.1567,20131.71957,20131.99633,20132.02701,20131.88922,20131.92113,20131.97839,20131.97178,20132.30464,20132.15315,20131.54404,20131.56679,20131.77465,20132.05318,20132.07658,20132.15282,20131.75955,20131.98968,20131.70652,20131.74744,20132.04699,20132.08169,20131.5177,20131.99603,,,,
H?logaland Kraft AS,,153872.4913,153875.5451,153870.7995,4.745629059,1.073735798,0.0031 %,0.0007 %,153872.4972,153870.8291,153871.4678,153871.8343,153874.9708,153873.4536,153870.7995,153872.9977,153873.0529,153873.2301,153871.4019,153873.2238,153872.6979,153871.1815,153873.809,153872.7346,153872.5111,153871.838,153871.7616,153872.0041,153874.0419,153871.8289,153871.3973,153872.6206,153872.7135,153872.6893,153872.9819,153875.5451,153871.4909,153873.3361,153871.7592,153871.6478,153871.4036,153873.4043,153872.1644,153872.3089,153873.5461,153873.2154,153870.8056,153873.2848,153873.4375,153871.2572,153871.948,,,,
E-CO Energi AS,,45454.47713,45454.47713,45454.47713,0,2.94483E-11,0.0000 %,0.0000 %,45454.47713,45454.47713,45454.47713,45454.47713,45454.47713,45454.47713,45454.47713,45454.47713,45454.47713,45454.47713,45454.47713,45454.47713,45454.47713,45454.47713,45454.47713,45454.47713,45454.47713,45454.47713,45454.47713,45454.47713,45454.47713,45454.47713,45454.47713,45454.47713,45454.47713,45454.47713,45454.47713,45454.47713,45454.47713,45454.47713,45454.47713,45454.47713,45454.47713,45454.47713,45454.47713,45454.47713,45454.47713,45454.47713,45454.47713,45454.47713,45454.47713,45454.47713,45454.47713,,,,
MùRENETT AS,,476071.0696,476075.4887,476066.2761,9.212626773,2.368023047,0.0019 %,0.0005 %,476069.3755,476070.1686,476068.0618,476075.2793,476074.7129,476075.4887,476067.5028,476071.7184,476073.6224,476073.6474,476066.2761,476068.4112,476071.7869,476073.4316,476073.325,476073.8834,476072.3137,476071.3954,476073.3537,476068.7376,476068.9045,476072.0368,476070.3177,476072.5431,476070.0849,476069.3071,476071.3402,476073.4784,476070.9022,476069.081,476068.4483,476068.5823,476069.952,476072.1188,476072.6832,476067.2635,476071.0228,476073.245,476069.0226,476074.6877,476069.5293,476069.1282,476069.8205,,,,
Vester?lskraft Nett AS,,93811.95605,93814.4018,93810.66957,3.732232075,0.836909557,0.0040 %,0.0009 %,93811.88518,93810.66957,93811.3657,93811.2538,93813.77553,93812.5102,93810.6958,93812.36146,93811.71601,93812.53763,93810.9905,93812.32146,93812.21145,93810.79077,93813.02534,93812.01583,93812.46391,93811.18184,93811.0132,93811.68825,93813.34884,93811.20843,93811.31477,93811.83367,93812.00914,93812.12796,93812.8689,93814.4018,93811.48896,93812.49517,93811.50836,93811.29531,93811.42505,93812.57342,93811.4193,93811.86092,93812.75426,93812.06627,93810.97006,93812.61838,93813.0179,93811.16811,93811.86155,,,,
Tr?nderEnergi Kraft AS,,12440.99729,12440.99729,12440.99729,0,1.10431E-11,0.0000 %,0.0000 %,12440.99729,12440.99729,12440.99729,12440.99729,12440.99729,12440.99729,12440.99729,12440.99729,12440.99729,12440.99729,12440.99729,12440.99729,12440.99729,12440.99729,12440.99729,12440.99729,12440.99729,12440.99729,12440.99729,12440.99729,12440.99729,12440.99729,12440.99729,12440.99729,12440.99729,12440.99729,12440.99729,12440.99729,12440.99729,12440.99729,12440.99729,12440.99729,12440.99729,12440.99729,12440.99729,12440.99729,12440.99729,12440.99729,12440.99729,12440.99729,12440.99729,12440.99729,12440.99729,,,,
Elverum Nett AS,,69940.07928,69940.83333,69939.35623,1.477097734,0.307472597,0.0021 %,0.0004 %,69939.99392,69940.16599,69940.24499,69940.06763,69939.35623,69939.47226,69940.22918,69939.88267,69939.96589,69939.89085,69940.45859,69940.52097,69940.2093,69940.05348,69940.03303,69939.49005,69939.93125,69940.28399,69939.99441,69940.83333,69940.07469,69940.08593,69940.17256,69940.06669,69940.02669,69939.9285,69940.03756,69939.371,69940.14196,69940.28941,69940.50337,69940.34234,69940.14543,69939.90516,69939.85253,69940.3232,69939.88916,69940.09961,69940.53974,69939.82678,69939.94768,69940.59298,69940.16812,,,,
Haugaland Kraft AS,,341849.3407,341851.5256,341845.9503,5.575301985,1.198834979,0.0016 %,0.0004 %,341848.8232,341851.0219,341848.8501,341850.89,341847.9014,341849.7819,341850.0249,341849.4458,341851.3192,341849.1922,341850.2926,341849.2922,341848.9316,341851.2209,341848.1723,341849.6196,341848.1929,341851.0448,341851.5256,341849.3139,341847.1287,341851.212,341849.5473,341849.4642,341849.1401,341848.6303,341847.6799,341845.9503,341849.6695,341848.0825,341849.0278,341850.0104,341849.6976,341849.1202,341850.4049,341849.3798,341847.7262,341849.9565,341849.8263,341848.9993,341847.7232,341849.4382,341848.9763,,,,
Lyse Elnett AS,,815249.8979,815254.8615,815239.6991,15.16240498,3.254116514,0.0019 %,0.0004 %,815249.6016,815254.5717,815249.653,815253.1617,815242.3281,815251.8579,815250.8756,815252.0806,815251.8356,815248.7074,815254.1305,815249.9216,815248.8221,815253.9161,815247.2145,815248.4278,815247.2968,815253.1043,815254.8615,815251.5866,815246.3709,815254.6371,815250.4518,815248.7392,815250.0385,815251.6235,815247.5384,815239.6991,815248.5439,815246.8661,815250.0632,815252.2847,815252.633,815246.4936,815252.6674,815250.1338,815244.8461,815250.8954,815251.0796,815250.277,815244.7982,815251.8138,815249.1604,,,,
Lyse Produksjon AS,,3815.437094,3815.437094,3815.437094,0,0,0.0000 %,0.0000 %,3815.437094,3815.437094,3815.437094,3815.437094,3815.437094,3815.437094,3815.437094,3815.437094,3815.437094,3815.437094,3815.437094,3815.437094,3815.437094,3815.437094,3815.437094,3815.437094,3815.437094,3815.437094,3815.437094,3815.437094,3815.437094,3815.437094,3815.437094,3815.437094,3815.437094,3815.437094,3815.437094,3815.437094,3815.437094,3815.437094,3815.437094,3815.437094,3815.437094,3815.437094,3815.437094,3815.437094,3815.437094,3815.437094,3815.437094,3815.437094,3815.437094,3815.437094,3815.437094,,,,
VOKKS Nett AS,,79359.2923,79360.62027,79358.52975,2.090514166,0.449246807,0.0026 %,0.0006 %,79359.14992,79358.65297,79359.07125,79359.12646,79360.56245,79359.14562,79359.02588,79358.94128,79359.47437,79359.59789,79358.52975,79359.32128,79359.47062,79358.93903,79359.70926,79359.62999,79359.54941,79359.07173,79358.8596,79358.99931,79359.50278,79358.81145,79359.14292,79359.58762,79359.18952,79358.73715,79359.41548,79360.62027,79359.55012,79359.60398,79359.12126,79358.89263,79358.75987,79359.9495,79358.99724,79359.15411,79359.91033,79359.37403,79359.06887,79359.29519,79359.88,79358.89187,79359.28465,,,,
BKK Nett AS,,1284031.626,1284043.645,1284022.792,20.852576,4.843678381,0.0016 %,0.0004 %,1284027.384,1284033.681,1284026.946,1284043.645,1284031.461,1284038.455,1284027.027,1284031.732,1284036.957,1284035.373,1284024.512,1284025.701,1284033.224,1284040.455,1284033.91,1284035.413,1284033.122,1284035.106,1284039.238,1284030.174,1284022.792,1284036.097,1284032.214,1284034.953,1284028.83,1284026.878,1284030.339,1284027.146,1284032.732,1284025.826,1284028.448,1284028.682,1284031.43,1284031.074,1284035.977,1284023.693,1284028.072,1284036.15,1284031.639,1284037.854,1284024.359,1284031.663,1284029.566,,,,
Eidsiva Nett AS,,1088798.011,1088802.711,1088792.68,10.03106348,2.335171182,0.0009 %,0.0002 %,1088799.979,1088798.192,1088800.34,1088792.68,1088797.474,1088793.715,1088801.862,1088797.07,1088797.593,1088795.655,1088802.711,1088801.482,1088796.753,1088794.858,1088795.465,1088796.522,1088795.698,1088797.913,1088795.713,1088798.625,1088800.433,1088796.945,1088797.938,1088796.953,1088799.391,1088799.142,1088796.349,1088797.851,1088798.144,1088800.631,1088799.69,1088800.235,1088797.693,1088798.771,1088796.503,1088802.565,1088799.139,1088796.328,1088798.624,1088793.43,1088800.719,1088798.005,1088798.695,,,,
Flesberg Elektrisitetsverk AS,,24396.41628,24396.6587,24396.19796,0.46073375,0.118275402,0.0019 %,0.0005 %,24396.3934,24396.38936,24396.54115,24396.33577,24396.51759,24396.19796,24396.56221,24396.25021,24396.22444,24396.40778,24396.30306,24396.30755,24396.4572,24396.3768,24396.39792,24396.46307,24396.59596,24396.33037,24396.24054,24396.39075,24396.39703,24396.25721,24396.53658,24396.43687,24396.35542,24396.26808,24396.52079,24396.55333,24396.6587,24396.4284,24396.4859,24396.39204,24396.43773,24396.49352,24396.28942,24396.42878,24396.52127,24396.24078,24396.59295,24396.31263,24396.59446,24396.46434,24396.55097,,,,
Midt Nett Buskerud AS,,81913.14432,81913.60336,81912.70716,0.896201922,0.224486592,0.0011 %,0.0003 %,81913.13253,81913.42757,81913.43799,81913.14522,81912.80302,81912.76199,81913.60336,81912.91399,81912.90407,81912.99084,81913.28729,81912.95731,81913.12402,81913.32102,81912.86231,81913.13933,81913.26535,81913.19928,81913.1188,81913.19898,81912.86353,81913.13417,81913.4349,81913.12289,81913.06327,81912.98313,81913.12009,81912.70716,81913.53643,81913.01257,81913.33234,81913.29592,81913.3534,81913.06861,81913.08558,81913.23741,81913.04403,81912.85163,81913.59215,81912.87079,81913.15743,81913.38416,81913.35984,,,,
Nesset Kraft AS,,19394.33305,19395.26517,19393.54001,1.725158904,0.342352824,0.0089 %,0.0018 %,19394.32603,19394.22642,19394.29883,19394.28872,19395.26517,19394.57462,19394.42402,19394.2211,19394.32162,19394.52936,19393.76778,19393.77028,19394.26767,19394.36238,19394.32733,19395.0244,19394.69234,19394.09655,19394.22791,19393.54001,19394.1972,19394.14147,19394.41301,19394.42712,19394.2661,19394.12036,19394.4266,19395.17819,19394.69749,19394.12385,19393.99304,19394.03947,19394.24126,19394.70399,19394.37977,19394.11792,19394.6568,19394.10475,19394.16123,19394.37966,19394.71157,19393.86322,19394.4246,,,,
Sunndal Energi KF,,32782.54831,32783.31192,32781.64581,1.666108417,0.33317375,0.0051 %,0.0010 %,32782.62184,32782.62506,32782.62155,32782.55254,32783.2649,32782.88032,32782.78267,32782.49468,32782.4382,32782.67069,32782.09274,32781.80003,32782.40624,32782.71007,32782.39714,32783.31192,32782.91284,32782.30412,32782.54973,32781.64581,32782.30291,32782.44087,32782.71616,32782.5944,32782.51119,32782.49109,32782.61447,32783.18513,32782.90775,32782.20805,32782.20491,32782.30972,32782.60364,32782.76796,32782.71999,32782.29959,32782.78215,32782.23637,32782.41477,32782.59708,32782.80245,32782.12232,32782.66123,,,,
Skagerak Nett AS,,1109906.149,1109915.583,1109891.336,24.24661044,5.595696629,0.0022 %,0.0005 %,1109908.014,1109911.399,1109914.26,1109905.391,1109891.336,1109897.639,1109914.105,1109903.038,1109896.63,1109901.074,1109912.468,1109904.42,1109906.416,1109908.036,1109901.749,1109900.722,1109907.784,1109905.809,1109904.17,1109912.73,1109904.287,1109905.043,1109911.791,1109904.745,1109905.867,1109908.244,1109907.688,1109894.561,1109909.407,1109906.186,1109913.252,1109910.528,1109911.866,1109899.582,1109904.679,1109908.101,1109903.592,1109900.965,1109915.583,1109901.987,1109903.654,1109915.538,1109910.069,,,,
Nordvest Nett AS,,49852.68171,49853.98976,49851.83808,2.151676096,0.461377025,0.0043 %,0.0009 %,49852.51358,49852.37073,49852.07453,49852.75005,49853.98976,49853.41868,49852.17547,49852.92139,49853.37911,49853.11007,49852.09139,49852.58505,49852.61132,49852.62243,49852.9264,49853.31714,49852.68884,49852.67376,49852.86141,49851.91711,49852.69952,49852.78444,49852.32879,49852.75662,49852.66226,49852.46071,49852.59591,49853.63538,49852.61442,49852.50076,49852.0256,49852.30744,49852.32148,49853.25558,49852.83082,49852.49729,49852.86854,49852.93222,49851.98274,49852.99461,49852.9657,49851.83808,49852.45634,,,,
Energi 1 Follo R?yken AS,,129311.6869,129312.8553,129310.0626,2.792740703,0.606637004,0.0022 %,0.0005 %,129311.7672,129312.0562,129312.2903,129311.8145,129310.0626,129310.5622,129312.3233,129311.1672,129311.3393,129311.1658,129312.4561,129312.1045,129311.8287,129311.9003,129311.3832,129310.8198,129311.3736,129312.0176,129311.67,129312.8553,129311.4068,129311.6903,129312.0499,129311.8158,129311.6693,129311.5874,129311.4162,129310.2436,129311.7983,129312.0374,129312.5593,129312.1981,129311.8719,129311.1422,129311.5231,129311.9456,129311.4204,129311.6893,129312.6144,129311.1388,129311.1542,129312.784,129311.8233,,,,
EB Nett AS,,389175.4057,389179.4984,389168.8452,10.65316947,2.118942383,0.0027 %,0.0005 %,389176.2439,389176.5893,389177.9208,389175.623,389168.8452,389173.1174,389176.6323,389175.0489,389171.6666,389173.6701,389177.7653,389175.5536,389175.9154,389175.723,389174.9789,389172.1807,389175.6501,389175.0683,389174.7131,389179.196,389175.8046,389174.9971,389176.7848,389174.9257,389175.5734,389177.3222,389176.4915,389171.1955,389174.7609,389176.1342,389178.2965,389176.8246,389177.3059,389172.0235,389175.0029,389175.5411,389174.3644,389174.6308,389178.0871,389175.1301,389173.4723,389179.4984,389176.1775,,,,
Agder Energi Nett AS,,1136882.741,1136893.958,1136872.873,21.08532914,4.858605427,0.0019 %,0.0004 %,1136879.138,1136876.708,1136876.646,1136888.182,1136893.958,1136885.271,1136875.877,1136879.854,1136890.325,1136887.646,1136872.873,1136883.12,1136885.546,1136883.637,1136888.968,1136886.188,1136883.155,1136883.899,1136883.786,1136881.394,1136880.769,1136881.442,1136879.854,1136888.109,1136880.892,1136875.164,1136881.4,1136892.147,1136882.998,1136884.431,1136879.692,1136877.654,1136875.773,1136888.663,1136882.673,1136877.498,1136886.535,1136888.974,1136879.057,1136886.351,1136882.745,1136879.157,1136879.732,,,,
Voss Energi AS,,81719.77035,81721.49929,81718.10677,3.392524409,0.684149568,0.0042 %,0.0008 %,81719.88398,81719.56828,81719.72573,81719.84568,81721.49929,81720.47015,81719.89114,81719.59854,81719.75326,81720.13676,81718.61958,81718.49496,81719.61323,81719.94292,81719.79314,81721.22459,81720.41318,81719.25945,81719.69442,81718.10677,81719.45723,81719.42179,81719.90806,81720.05077,81719.71196,81719.55869,81719.88411,81721.48083,81720.2665,81719.36945,81719.07471,81719.13298,81719.56172,81720.34178,81720.06062,81719.14076,81720.45562,81719.46357,81719.27969,81720.00973,81720.26508,81718.87028,81719.82417,,,,
Narvik Energinett AS,,80316.18711,80317.31422,80315.30314,2.011082637,0.451420567,0.0025 %,0.0006 %,80316.232,80315.55755,80315.7903,80316.47037,80316.84369,80316.91199,80315.30314,80316.39989,80316.29027,80316.5313,80315.47071,80316.06274,80316.35828,80316.02212,80316.89189,80316.36428,80316.29427,80315.87543,80316.13665,80316.00801,80316.57125,80315.96645,80315.82171,80316.44289,80316.25857,80316.42332,80316.43116,80317.31422,80315.57175,80316.42743,80315.91205,80315.69336,80315.78738,80316.21863,80316.33549,80315.58707,80316.5884,80316.70629,80315.47259,80316.90217,80316.0446,80315.92175,80315.83224,,,,
Svorka Produksjon AS,,849.1071157,849.1071157,849.1071157,0,2.30065E-13,0.0000 %,0.0000 %,849.1071157,849.1071157,849.1071157,849.1071157,849.1071157,849.1071157,849.1071157,849.1071157,849.1071157,849.1071157,849.1071157,849.1071157,849.1071157,849.1071157,849.1071157,849.1071157,849.1071157,849.1071157,849.1071157,849.1071157,849.1071157,849.1071157,849.1071157,849.1071157,849.1071157,849.1071157,849.1071157,849.1071157,849.1071157,849.1071157,849.1071157,849.1071157,849.1071157,849.1071157,849.1071157,849.1071157,849.1071157,849.1071157,849.1071157,849.1071157,849.1071157,849.1071157,849.1071157,,,,
Midt-Telemark Energi AS,,65287.40321,65287.88211,65286.76643,1.115674938,0.252657766,0.0017 %,0.0004 %,65287.34112,65287.77391,65287.65162,65287.47407,65286.97391,65287.05527,65287.86431,65287.21276,65287.24792,65287.25405,65287.6024,65287.23761,65287.36924,65287.66094,65287.07425,65287.37942,65287.4828,65287.54651,65287.48137,65287.48669,65287.03423,65287.50098,65287.69662,65287.35368,65287.30198,65287.20995,65287.33252,65286.76643,65287.81251,65287.18899,65287.57004,65287.59574,65287.65604,65287.31132,65287.37752,65287.5167,65287.18727,65287.12793,65287.88211,65287.13186,65287.35114,65287.6487,65287.61342,,,,
Stange Energi Nett AS,,76478.17772,76478.5977,76477.73836,0.859340307,0.182806621,0.0011 %,0.0002 %,76478.1044,76478.24697,76478.04705,76478.18807,76477.95727,76478.06418,76478.1546,76478.21443,76478.53941,76478.12678,76478.48582,76478.5977,76478.16197,76478.18441,76478.11091,76477.93278,76477.84757,76478.45326,76478.34732,76478.46787,76478.14031,76478.38915,76478.05849,76478.15701,76478.2002,76478.09563,76477.92828,76477.73836,76478.06187,76478.25163,76478.23208,76478.34155,76478.10586,76478.20169,76478.17264,76478.39246,76477.98511,76478.37233,76478.18876,76478.04282,76478.05081,76478.22485,76478.07739,,,,
Hafslund Nett AS,,3065814.21,3065868.026,3065751.226,116.800496,25.23624951,0.0038 %,0.0008 %,3065832.027,3065839.484,3065846.163,3065793.364,3065751.226,3065779.866,3065854.366,3065809.981,3065793.589,3065784.899,3065868.026,3065828.839,3065804.592,3065812.287,3065784.051,3065788.001,3065795.873,3065820.136,3065811.778,3065838.469,3065815.868,3065818.8,3065827.145,3065802.77,3065823.883,3065836.765,3065801.757,3065758.802,3065811.787,3065822.612,3065841.3,3065842.898,3065832.981,3065789.053,3065813.13,3065841.782,3065801.444,3065798.821,3065839.269,3065783.405,3065804.313,3065843.145,3065822.303,,,,
Statkraft Energi AS,,1730.713175,1730.713175,1730.713175,0,4.60129E-13,0.0000 %,0.0000 %,1730.713175,1730.713175,1730.713175,1730.713175,1730.713175,1730.713175,1730.713175,1730.713175,1730.713175,1730.713175,1730.713175,1730.713175,1730.713175,1730.713175,1730.713175,1730.713175,1730.713175,1730.713175,1730.713175,1730.713175,1730.713175,1730.713175,1730.713175,1730.713175,1730.713175,1730.713175,1730.713175,1730.713175,1730.713175,1730.713175,1730.713175,1730.713175,1730.713175,1730.713175,1730.713175,1730.713175,1730.713175,1730.713175,1730.713175,1730.713175,1730.713175,1730.713175,1730.713175,,,,
Yara Norge AS,,17557.70615,17557.70615,17557.70615,0,1.10431E-11,0.0000 %,0.0000 %,17557.70615,17557.70615,17557.70615,17557.70615,17557.70615,17557.70615,17557.70615,17557.70615,17557.70615,17557.70615,17557.70615,17557.70615,17557.70615,17557.70615,17557.70615,17557.70615,17557.70615,17557.70615,17557.70615,17557.70615,17557.70615,17557.70615,17557.70615,17557.70615,17557.70615,17557.70615,17557.70615,17557.70615,17557.70615,17557.70615,17557.70615,17557.70615,17557.70615,17557.70615,17557.70615,17557.70615,17557.70615,17557.70615,17557.70615,17557.70615,17557.70615,17557.70615,17557.70615,,,,
Ringeriks-Kraft Nett AS,,127258.4636,127259.7906,127257.5969,2.193668834,0.542723647,0.0017 %,0.0004 %,127258.4687,127258.1169,127258.8063,127257.995,127259.4553,127258.1184,127258.7192,127258.0877,127257.5969,127258.6047,127257.7052,127257.8106,127258.5738,127258.0972,127258.5953,127258.9485,127259.3657,127257.8126,127257.6414,127257.8977,127258.7123,127257.7083,127258.7791,127258.4609,127258.2981,127258.1677,127259.1331,127259.7906,127259.2125,127258.4674,127258.4329,127258.1257,127258.5067,127258.8562,127258.025,127258.3558,127259.0895,127257.7376,127258.7019,127258.3706,127259.3903,127258.2618,127258.9362,,,,
Nord-Tr?ndelag Elektrisitetsverk,,629215.7759,629219.3521,629213.2731,6.079072898,1.309894911,0.0010 %,0.0002 %,629214.778,629214.9843,629213.2731,629216.4338,629217.7292,629217.2734,629213.6152,629216.6891,629219.3521,629216.8106,629215.508,629217.8926,629215.8296,629215.6433,629216.6582,629215.7019,629214.1844,629217.1491,629217.0953,629215.9359,629215.8388,629217.0681,629214.0781,629215.9884,629215.7582,629214.7993,629214.5835,629216.0058,629214.6107,629215.8792,629214.4886,629215.4744,629214.3597,629217.1515,629216.0584,629216.0333,629215.2202,629217.8473,629213.9555,629216.4293,629215.5172,629214.1661,629214.5137,,,,
Nordlandsnett AS,,250882.0218,250885.4082,250879.8546,5.553655182,1.251314877,0.0022 %,0.0005 %,250881.78,250880.2895,250880.5783,250881.8488,250885.0542,250883.6619,250879.8546,250882.7213,250882.8586,250883.13,250880.3028,250882.3452,250882.2859,250880.9988,250883.598,250882.6897,250882.2892,250881.3731,250881.5784,250881.1184,250883.3227,250881.5191,250880.8366,250882.2317,250882.1012,250882.0315,250882.6419,250885.4082,250881.0539,250882.4869,250880.8625,250880.8533,250880.8857,250883.0914,250881.8927,250881.3865,250883.0097,250882.9149,250880.0472,250883.3214,250882.8694,250880.4382,250881.373,,,,
Mo Industripark AS,,35576.14024,35576.14024,35576.14024,0,3.68103E-11,0.0000 %,0.0000 %,35576.14024,35576.14024,35576.14024,35576.14024,35576.14024,35576.14024,35576.14024,35576.14024,35576.14024,35576.14024,35576.14024,35576.14024,35576.14024,35576.14024,35576.14024,35576.14024,35576.14024,35576.14024,35576.14024,35576.14024,35576.14024,35576.14024,35576.14024,35576.14024,35576.14024,35576.14024,35576.14024,35576.14024,35576.14024,35576.14024,35576.14024,35576.14024,35576.14024,35576.14024,35576.14024,35576.14024,35576.14024,35576.14024,35576.14024,35576.14024,35576.14024,35576.14024,35576.14024,,,,
Aktieselskabet Saudefaldene,,23053.74006,23054.54247,23053.11159,1.430876629,0.325547025,0.0062 %,0.0014 %,23053.33713,23053.57947,23053.4028,23054.54247,23053.58978,23053.95179,23053.11568,23053.67461,23053.82765,23054.05097,23053.11159,23053.60397,23054.08777,23054.10943,23054.24955,23053.57629,23053.99597,23053.87336,23053.95065,23054.18257,23053.44288,23053.80719,23053.73433,23053.98832,23053.47696,23053.33474,23053.97084,23053.57262,23053.74566,23053.61059,23053.75188,23053.48468,23053.66224,23053.64682,23053.74685,23053.16761,23053.57805,23054.11801,23053.87772,23054.29732,23053.32029,23054.02585,23053.64781,,,,
Her?ya Nett AS,,51249.64321,51249.64321,51249.64321,0,0,0.0000 %,0.0000 %,51249.64321,51249.64321,51249.64321,51249.64321,51249.64321,51249.64321,51249.64321,51249.64321,51249.64321,51249.64321,51249.64321,51249.64321,51249.64321,51249.64321,51249.64321,51249.64321,51249.64321,51249.64321,51249.64321,51249.64321,51249.64321,51249.64321,51249.64321,51249.64321,51249.64321,51249.64321,51249.64321,51249.64321,51249.64321,51249.64321,51249.64321,51249.64321,51249.64321,51249.64321,51249.64321,51249.64321,51249.64321,51249.64321,51249.64321,51249.64321,51249.64321,51249.64321,51249.64321,,,,
LYSE SENTRALNETT AS,,36843.59218,36843.59218,36843.59218,0,4.41724E-11,0.0000 %,0.0000 %,36843.59218,36843.59218,36843.59218,36843.59218,36843.59218,36843.59218,36843.59218,36843.59218,36843.59218,36843.59218,36843.59218,36843.59218,36843.59218,36843.59218,36843.59218,36843.59218,36843.59218,36843.59218,36843.59218,36843.59218,36843.59218,36843.59218,36843.59218,36843.59218,36843.59218,36843.59218,36843.59218,36843.59218,36843.59218,36843.59218,36843.59218,36843.59218,36843.59218,36843.59218,36843.59218,36843.59218,36843.59218,36843.59218,36843.59218,36843.59218,36843.59218,36843.59218,36843.59218,,,,
GASSCO AS,,2504.170638,2504.170638,2504.170638,0,1.84052E-12,0.0000 %,0.0000 %,2504.170638,2504.170638,2504.170638,2504.170638,2504.170638,2504.170638,2504.170638,2504.170638,2504.170638,2504.170638,2504.170638,2504.170638,2504.170638,2504.170638,2504.170638,2504.170638,2504.170638,2504.170638,2504.170638,2504.170638,2504.170638,2504.170638,2504.170638,2504.170638,2504.170638,2504.170638,2504.170638,2504.170638,2504.170638,2504.170638,2504.170638,2504.170638,2504.170638,2504.170638,2504.170638,2504.170638,2504.170638,2504.170638,2504.170638,2504.170638,2504.170638,2504.170638,2504.170638,,,,
,,,,,3.486649307,0.767190159,,,,,,,,,,,,,,,,,,,,,,,,,,,,,,,,,,,,,,,,,,,,,,,,,0.0038 %
