,comp,id,y,id.y,fp_ld_OPEX,fp_rd_OPEX,fp_t_OPEX,ld_opex_2012,rd_opex_2012,t_opex_2012,fp_ld_cens,fp_rd_cens,fp_t_cens,ld_rab.sf,rd_rab.sf,t_rab.sf,ld_dep.sf,rd_dep.sf,t_dep.sf,fp_ld_391,fp_rd_391,fp_t_391,fp_ld_cga,fp_rd_cga,ld_nl,rd_nl,ld_gci.cost,ap.t_2,ld_sum.cost,rd_sum.cost,t_sum.cost,lrt_sum.cost,ld_cost.RC,rd_cost.RC,t_cost.RC,lrt_cost.RC,lrt_cost.RC.ex.nlR.og.cgaR,lrt_cost.cby,ld_cn.cal.RAB,rd_cn.cal.RAB,ld_cn.pre.recal,rd_cn.pre.recal,t_cn.pre.recal,lrt_cn.pre.recal,lrt_RC.pre.recal,lrt_EBIT.pre.recal,lrt_RET.pre.recal,lrt_RAB,lrt_cn.pos.recal,lrt_RC.pos.recal,lrt_EBIT.pos.recal,lrt_RET.pos.recal
1,ALTA KRAFTLAG SA,7,2016,72016,41537.0111,2400.207406,0,44738,2609,0,4364,0,0,234777.53,12983.55,0,14397,944,0,82,40,0,0,0,24935,8990,0,0.24445,69384.07083,5871.242504,0,75255.31333,83188.98959,6634.675244,0,89823.66483,89824,56594.18476,76512.78557,5669.995254,76512.78557,8066.279754,0,84579.06533,86676.90513,11421.5918,0.046099217,247761.08,78658.34303,83124.47175,7869.158421,0.031761076
2,ANDùY ENERGI AS,9,2016,92016,15614.31495,1937.007432,0,12130,1561,0,353,345,0,65302.56,54723.82,0,5502,3093,0,0,0,0,0,0,4315,2877,0,0.24445,23484.37426,6261.376184,0,29745.75044,27324.16479,9479.1368,0,36803.30159,36803,20007.40678,24991.66992,10442.73618,24991.66992,11209.60053,0,36201.27045,36442.0829,6696.332458,0.055790506,120026.38,33333.01178,34721.1277,4975.37726,0.041452365
3,ARENDALS FOSSEKOMPANI ASA,10,2016,102016,8.244825794,1171.053652,0,0,1149,0,0,0,0,0,2609.84,0,0,554,0,0,0,0,0,0,360,3235,0,0.24785,104.6519603,2651.135708,0,2755.787668,104.6519603,2804.5943,0,2909.24626,2909,2070.319228,104.6519603,835.0087775,104.6519603,1697.298028,0,1801.949988,2244.868497,-510.9191716,-0.195766473,2609.84,1739.582897,2207.448242,-548.3394263,-0.210104614
4,AUSTEVOLL KRAFTLAG SA,16,2016,162016,17853.72355,0,0,17946,0,0,131,0,0,61616.06,0,0,4336,0,0,119,0,0,0,0,9617,0,0,0.24669,25862.02209,0,0,25862.02209,29485.04642,0,0,29485.04642,29485,20357.14128,24595.23738,0,24595.23738,0,0,24595.23738,26551.161,689.1389073,0.011184404,61616.06,23122.80442,25667.70122,-194.3208684,-0.003153737
5,BALLANGEN ENERGI AS,18,2016,182016,10629.14877,708.6818708,0,10880,728,0,570,170,0,59229.43,938.29,0,5385,103,0,150,0,0,0,0,3409,111,197.42,0.24445,18094.9456,1056.766051,0,19151.71165,21577.63609,1111.937503,0,22689.57359,22690,12938.29464,21479.22327,990.4913501,21684.64678,1020.0784,0,22704.72518,22698.66454,3546.952891,0.058951094,60167.72,21266.90306,21835.97127,2684.259619,0.044612952
6,BINDAL KRAFTLAG SA,22,2016,222016,5258.888911,0,0,5386,0,0,122,0,0,33416.86,0,0,1596,0,0,0,0,0,0,0,1600,0,0,0.24445,7694.791295,0,0,7694.791295,9659.702663,0,0,9659.702663,9660,5772.008911,10039.63626,0,10039.63626,0,0,10039.63626,9887.662821,2192.871526,0.065621711,33416.86,9241.076824,9408.52716,1713.735864,0.05128357
7,NORGESNETT AS,32,2016,322016,124705.0903,6705.905712,0,116209,6385,0,10069,0,0,1570547.98,64998.55,0,67603,1800,0,209,0,0,0,0,150631,4558,9094.71,0.257789524,249729.2594,10086.14287,0,259815.4023,342077.4807,13908.05761,0,355985.5383,355986,181486.0944,402689.4908,6005.972461,412152.9053,7220.907361,0,419373.8126,394018.5029,134203.1006,0.082053979,1635546.53,380289.3172,370567.8056,110752.4033,0.067715838
8,DRANGEDAL EVERK KF,35,2016,352016,13414.91692,0,0,13422,0,0,628,0,0,64928.86,0,0,4289,0,0,0,0,0,0,0,5551,0,493.56,0.24785,20567.76912,0,0,20567.76912,24385.58608,0,0,24385.58608,24386,15418.73227,22086.76052,0,22600.32971,0,0,22600.32971,23314.43226,2746.663145,0.042302655,64928.86,21048.7311,22383.47309,1815.703975,0.027964513
9,AS EIDEFOSS,37,2016,372016,35238.75611,5953.742543,0,37252,6377,0,1854,0,0,206911.63,51997.83,0,11776,4001,0,0,0,0,0,0,20201,23014,0,0.2766,56248.11578,16413.45263,0,72661.56841,68414.51962,19470.92503,0,87885.44466,87885,54999.76766,74037.1213,12997.78702,74037.1213,19132.16872,0,93169.29002,91055.75187,18394.18346,0.071044849,258909.46,86982.15597,87343.47145,14681.90304,0.056706708
10,ETNE ELEKTRISITETSLAG SA,41,2016,412016,8429.637847,6.609697991,0,8582,0,0,316,0,0,35636.84,224.22,0,3019,17,0,0,0,0,0,0,4268,0,493.56,0.24785,13374.28612,23.96975936,0,13398.25588,15469.73231,37.15389536,0,15506.88621,15507,9810.071345,12421.18765,101.3542364,12934.75683,101.3542364,0,13036.11107,14024.42113,626.1652464,0.017460868,35861.06,12179.14283,13510.24018,111.9843004,0.003122727
11,ISE NETT AS,42,2016,422016,30828.67116,0,0,32277,0,0,1511,0,0,136971.15,0,0,10586,0,0,434,0,0,0,0,14036,0,0,0.24445,48407.60658,0,0,48407.60658,56461.5102,0,0,56461.5102,56462,35770.77136,42836.30121,0,42836.30121,0,0,42836.30121,48286.3848,-121.2217736,-0.000885017,136971.15,39563.11503,46322.4731,-2085.133479,-0.015223158
12,FINNèS KRAFTLAG SA,43,2016,432016,24636.08402,0,0,25792,0,0,1388,0,0,178750.81,0,0,10625,0,0,84,0,0,0,0,9748,0,263.23,0.24785,40645.72718,0,0,40645.72718,51156.27481,0,0,51156.27481,51156,28440.12582,44669.77276,0,44943.67424,0,0,44943.67424,47428.71447,6782.987289,0.03794661,178750.81,40672.08362,44865.7601,4220.032915,0.023608469
13,FITJAR KRAFTLAG SA,45,2016,452016,15738.15835,0,0,16456,0,0,177,0,0,49704.12,0,0,2882,0,0,48,0,0,0,0,4651,0,197.42,0.24785,20901.38965,0,0,20901.38965,23823.99191,0,0,23823.99191,23824,17067.9087,22313.79099,0,22519.2145,0,0,22519.2145,23041.12547,2139.735812,0.043049466,49704.12,21331.44001,22328.46077,1427.071115,0.028711324
14,FJELBERG KRAFTLAG SA,46,2016,462016,9721.749544,0,0,10432,0,0,321,0,0,32045.28,0,0,2271,0,0,0,0,0,0,0,2165,0,0,0.24785,13433.43328,0,0,13433.43328,15317.69574,0,0,15317.69574,15318,10579.34479,13547.02769,0,13547.02769,0,0,13547.02769,14255.29491,821.8616324,0.025646886,32045.28,12781.24477,13795.82516,362.3918792,0.011308744
15,FORSAND ELVERK KOMMUNALT FùRETAK I FORSAND,52,2016,522016,7409.559767,0,0,7991,0,0,194,0,0,32949.23,0,0,2139,0,0,249,0,0,0,0,1970,0,463.14,0.24785,10679.16174,0,0,10679.16174,12616.57646,0,0,12616.57646,12617,8091.824267,9291.242214,0,9773.15816,0,0,9773.15816,10910.52548,231.3637429,0.007021825,32949.23,8985.773633,10438.09476,-241.0669731,-0.007316316
16,FOSEN NETT AS,53,2016,532016,27427.72416,0,0,27661,0,0,1992,0,0,211825.28,0,0,14544,0,0,439,0,0,0,0,16047,0,0,0.2766,49815.92604,0,0,49815.92604,62271.2525,0,0,62271.2525,62271,33858.32436,60826.03227,0,60826.03227,0,0,60826.03227,61404.12036,11588.19432,0.05470638,211825.28,55764.06427,58366.93956,8551.013523,0.040368239
17,FUSA KRAFTLAG SA,55,2016,552016,18083.54363,0,0,18594,0,0,612,0,0,79054.72,0,0,4220,0,0,0,0,0,0,0,6820,0,361.94,0.24669,25743.3212,0,0,25743.3212,30391.73873,0,0,30391.73873,30392,20377.96943,23251.32634,0,23627.93959,0,0,23627.93959,26333.45925,590.1380469,0.007464931,79054.72,21738.77667,25199.9615,-543.3597002,-0.00687321
18,SUNNFJORD ENERGI AS,56,2016,562016,61526.80221,8708.929252,322.4007062,55614,7341,213,5221,268,0,348325.77,114552.18,5168.17,25457,7084,299,515,0,0,0,0,29231,8705,0,0.260655638,103559.642,18866.52825,638.9633906,123065.1337,124041.1973,25602.19643,942.8517866,150586.2455,150586,85935.36445,113251.7532,17530.36613,113251.7532,19850.68388,942.8517866,134045.2889,140661.6715,17596.53788,0.037595735,468046.12,122860.4365,133950.7601,10885.62647,0.023257594
19,TROLLFJORD KRAFT AS,63,2016,632016,27897.74987,2990.314905,0,29612,3005,0,1841,0,0,137802.38,22898.72,0,9001,1450,0,625,0,0,0,0,7920,1103,263.23,0.24445,42445.18279,4897.216086,0,47342.39887,50547.96273,6243.660822,0,56791.62355,56792,34934.73712,40955.14351,5531.384573,41229.045,5825.389223,0,47054.43422,50949.30995,3606.91108,0.022444844,160701.1,43214.17575,48645.15487,1302.755998,0.008106702
20,HAMMERFEST ENERGI NETT AS,65,2016,652016,32213.96903,7590.188303,0,33574,7976,0,3391,32,0,142602.91,77539.72,0,8219,3210,0,518,0,0,0,0,11662,8489,0,0.24445,48824.79467,13509.70184,0,62334.49651,57209.84578,18069.03738,0,75278.88316,75279,48153.06929,48331.32516,13555.2868,48331.32516,15818.02975,0,64149.35491,68601.16621,6266.669697,0.028466407,220142.63,58888.62801,65444.73007,3110.233558,0.014128266
21,HELGELAND KRAFT AS,71,2016,712016,211467.9101,42662.35483,0,194700,41850,0,19611,1546,0,872333.97,703912.43,0,62794,29060,0,2549,853,0,0,487,64611,78995,0,0.24445,323409.6654,97224.69627,0,420634.3617,374702.9028,138614.7472,0,513317.65,512831,310878.7517,286952.0896,79744.90186,286952.0896,101314.5483,0,388266.6379,438287.0427,17652.68103,0.011199189,1576246.4,350599.2318,415686.5991,-4947.762603,-0.003138953
22,HEMNE KRAFTLAG SA,72,2016,722016,19548.23659,0,0,20553,0,0,399,0,0,70241.46,0,0,5450,0,0,44,0,0,0,0,5141,0,0,0.2766,27848.6303,0,0,27848.6303,31978.82815,0,0,31978.82815,31979,21369.23719,27865.81636,0,27865.81636,0,0,27865.81636,29511.02108,1662.390775,0.023666803,70241.46,26187.26306,28503.8891,655.258795,0.009328661
23,HURUM ENERGIVERK AS,82,2016,822016,18652.63543,0,0,20432,0,0,1164,0,0,107550.86,0,0,7062,0,0,0,0,0,0,0,9936,0,0,0.2597,30590.36229,0,0,30590.36229,36914.35286,0,0,36914.35286,36914,22397.01463,33392.73533,0,33392.73533,0,0,33392.73533,34801.38234,4211.020048,0.039153755,107550.86,30822.60295,33259.30291,2668.940618,0.024815614
24,HùLAND OG SETSKOG ELVERK SA,84,2016,842016,13715.96414,0,0,14442,0,0,818,0,0,90864.65,0,0,5828,0,0,359,0,0,0,0,10307,0,0,0.2597,23889.63029,0,0,23889.63029,29232.47171,0,0,29232.47171,29232,17210.69204,26744.42874,0,26744.42874,0,0,26744.42874,27739.64593,3850.015634,0.042370885,90864.65,24573.04508,26436.81573,2547.185442,0.028032744
25,ISTAD NETT AS,86,2016,862016,66477.63311,8003.227799,0,68828,8851,0,4981,100,0,468469.31,71496.89,0,27702,5301,0,286,0,0,0,582,28502,14532,0,0.2766,110581.1233,18331.46423,0,128912.5875,138127.1187,22535.48136,0,160662.6001,160081,92047.06531,135127.6988,18427.46437,135127.6988,22914.67325,0,158042.372,159090.4632,30177.87571,0.055888453,539966.2,145138.8525,151348.3516,22435.76403,0.041550312
26,JíREN EVERK KOMMUNALT FORETAK I Hè,88,2016,882016,23823.91937,362.0554684,0,20979,317,0,2027,0,0,149587.06,22248.28,0,8635,1297,0,129,0,0,0,0,8807,1760,1020.02,0.24785,38213.40195,2147.906334,0,40361.30828,47009.12108,3456.105198,0,50465.22627,50465,28832.00579,41165.85197,3466.203223,42227.22413,3935.331223,0,46162.55535,47883.62372,7522.31544,0.0437763,171835.34,42056.22304,45419.82433,5058.516051,0.029438159
27,KLEPP ENERGI AS,91,2016,912016,14911.19359,0,0,17621,0,0,156,0,0,154199.73,0,0,10403,0,0,1350,0,0,0,0,20826,0,3937.21,0.24785,31839.97113,0,0,31839.97113,40906.91525,0,0,40906.91525,40907,20228.91769,32760.4932,0,36857.31982,0,0,36857.31982,38477.15799,6637.186862,0.043042792,154199.73,33172.42395,36266.22047,4426.249343,0.02870465
28,KRAGERù ENERGI AS,93,2016,932016,31713.0063,3953.291665,0,25746,3450,0,2471,0,0,127065.07,17759.84,0,7719,1801,0,173,0,0,0,0,13526,863,0,0.24785,47336.09404,6199.678724,0,53535.77277,54807.52016,7243.957316,0,62051.47748,62051,41703.61162,45462.28286,6119.624187,45462.28286,6349.656837,0,51811.93969,55907.75481,2371.982038,0.016378274,144824.91,48351.07298,53831.23478,295.4620124,0.002040133
29,KRùDSHERAD EVERK KF,95,2016,952016,10032.15496,0,0,10016,0,0,655,0,0,28085.07,0,0,2039,0,0,0,0,0,0,0,4797,0,0,0.2597,14577.84808,0,0,14577.84808,16229.25019,0,0,16229.25019,16229,11932.93586,15184.42584,0,15184.42584,0,0,15184.42584,15602.35558,1024.507503,0.036478723,28085.07,14513.27967,15199.66788,621.8198003,0.022140582
30,KVAM KRAFTVERK AS,96,2016,962016,22438.4648,0,0,24514,0,0,652,0,0,140943.48,0,0,8576,0,0,187,0,0,0,0,8489,0,131.61,0.24669,35177.969,0,0,35177.969,43465.44563,0,0,43465.44563,43465,25184.61621,39609.2056,0,39746.15114,0,0,39746.15114,41233.86893,6055.89993,0.042966868,140943.48,36378.03858,39213.0014,4035.032396,0.028628727
31,KVINNHERAD ENERGI AS,97,2016,972016,30434.27698,0,0,31946,0,0,1205,0,0,142123.16,0,0,8230,0,0,306,0,0,0,0,8627,0,921.31,0.24669,43875.55354,0,0,43875.55354,52232.39535,0,0,52232.39535,52232,33767.47161,41124.19573,0,42082.85613,0,0,42082.85613,46142.67182,2267.11828,0.015951786,142123.16,38686.55288,44104.88986,229.3363272,0.001613645
32,KVíNANGEN KRAFTVERK AS,98,2016,982016,0,223.9374751,620.5996753,0,223,616,0,2014,0,0,10948.4,3980.41,0,677,366,0,0,0,0,0,0,0,0,0.24445,0,3008.785052,1020.406662,4029.191714,0,3652.550972,1254.45477,4907.005742,4907,2858.53715,0,2101.499692,0,2101.499692,1254.45477,3355.954461,3976.374974,-52.81674027,-0.003537907,14928.81,2999.202149,3762.323586,-266.8681277,-0.017876048
33,LUOSTEJOK KRAFTLAG SA,103,2016,1032016,30006.7702,1654.811716,0,30166,1689,0,2818,1488,0,90909.09,56160.04,0,5077,2089,0,0,0,0,0,0,6958,1274,0,0.24445,41505.2784,5721.866126,0,47227.14452,46850.73289,9024.076478,0,55874.80937,55875,37979.89432,32790.05264,7144.476094,32790.05264,7484.060794,0,40274.11343,46514.39181,-712.752715,-0.004846379,147069.13,36759.61682,44405.69384,-2821.450684,-0.01918452
34,LUSTER ENERGIVERK AS,104,2016,1042016,13442.66316,0,0,13959,0,0,1607,0,0,42024.08,0,0,3247,0,0,246,0,0,0,0,7794,0,164.52,0.24669,21171.58766,0,0,21171.58766,23642.60356,0,0,23642.60356,23643,16972.36502,23385.1212,0,23556.31093,0,0,23556.31093,23590.82798,2419.240323,0.057567954,42024.08,22552.0656,22988.28078,1816.693125,0.043229813
35,LíRDAL ENERGI AS,106,2016,1062016,11606.92384,958.5851454,0,12614,938,0,1225,171,0,29216.27,4977.28,0,2120,311,0,526,0,0,0,0,5216,4489,32.9,0.24669,17024.19459,2696.279174,0,19720.47377,18742.11127,2988.943238,0,21731.05451,21731,16355.63544,14131.29565,2198.783153,14165.52943,3395.326103,0,17560.85553,19228.93512,-491.5386449,-0.014375186,34193.55,16743.73561,18738.66317,-981.8105969,-0.028713327
36,MELùY ENERGI AS,116,2016,1162016,24553.55405,60,0,23976,60,0,1605,0,0,77983.11,539.34,0,5664,177,0,0,0,0,0,0,7808,474,0,0.24445,35306.39171,366.6131825,0,35673.00489,39891.79858,398.3263745,0,40290.12495,40290,28243.08895,33189.43211,271.9816745,33189.43211,398.3263745,0,33587.75849,36268.70507,595.7001798,0.007586368,78522.45,31711.31518,35142.83909,-530.1658048,-0.006751774
37,GAULDAL NETT AS,119,2016,1192016,18370.4372,0,0,18118,0,0,1264,0,0,78927.46,0,0,7112,0,0,0,0,0,0,0,7867,0,0,0.2766,29895.3535,0,0,29895.3535,34536.28815,0,0,34536.28815,34536,21810.4494,31184.79435,0,31184.79435,0,0,31184.79435,32525.39187,2630.038367,0.033322222,78927.46,29298.67256,31393.71879,1498.365292,0.018984081
38,MODALEN KRAFTLAG SA,121,2016,1212016,1366.069277,0,0,1370,0,0,45,0,0,12305.84,0,0,640,0,0,0,0,0,0,0,416,0,0,0.24669,2238.194626,0,0,2238.194626,2961.778018,0,0,2961.778018,2962,1513.692317,2938.74651,0,2938.74651,0,0,2938.74651,2947.959113,709.7644871,0.057677045,12305.84,2644.675055,2771.51624,533.3216141,0.043338904
39,NORD-SALTEN KRAFT AS,132,2016,1322016,28227.88641,7979.200784,0,30986,8433,0,2146,110,0,90845.46,102949.3,0,6849,5913,0,42,0,0,0,0,8070,13069,0,0.24445,40998.65078,17924.86683,0,58923.51761,46340.36383,23978.28567,0,70318.6495,70319,43630.51574,52879.46782,20262.32016,52879.46782,23745.86211,0,76625.32993,74102.65776,15179.14015,0.078325854,193794.76,71994.2355,71324.0011,12400.48349,0.063987713
40,YMBER AS,133,2016,1332016,34587.60074,4206.329968,0,34993,4269,0,3492,1,0,150642.51,63259.33,0,13539,5898,0,24,0,0,0,0,13020,6424,0,0.24445,57114.79876,12046.82631,0,69161.62507,65972.57835,15766.47491,0,81739.05326,81739,47040.01651,68852.40137,18642.64682,68852.40137,20354.96402,0,89207.36539,86220.04054,17058.41547,0.079748802,213901.84,84095.77404,83153.08573,13991.46066,0.065410661
41,NORD-ùSTERDAL KRAFTLAG SA,135,2016,1352016,46132.97972,0,0,47149,0,0,3947,0,0,192455.5,340.37,0,14224,80,0,5,0,0,0,0,14608,80,65.8,0.2597,70870.83624,101.324,0,70972.16024,82187.21964,121.337756,0,82308.55739,82309,53894.45332,71434.68839,105.3430947,71503.15596,126.6670947,0,71629.82305,75901.31679,4929.156551,0.025566712,192795.87,67022.599,73136.98236,2164.822121,0.011228571
42,NORDKYN KRAFTLAG SA,138,2016,1382016,13905.54209,735.9179502,0,13932,732,0,434,0,0,26335.75,18942.55,0,2152,1375,0,0,0,0,0,0,6048,8087,0,0.24445,18878.73143,4306.596716,0,23185.32814,20427.27353,5420.418656,0,25847.69218,25848,18530.76079,16972.69664,4418.457758,16972.69664,6574.047608,0,23546.74424,24467.12342,1281.795276,0.028309262,45278.3,22464.73314,23817.91676,632.5886124,0.013971121
43,ODDA ENERGI AS,146,2016,1462016,19266.93159,8517.477591,993.5613362,20686,8940,1049,564,0,0,156841.89,85357.12,34045.08,7034,3174,1018,167,0,0,0,0,6315,14000,2270.38,0.24785,29620.62018,15887.1647,2065.6853,47573.47018,38842.92331,20906.16335,4067.536004,63816.62267,63817,34377.04327,35566.64606,16640.17063,37929.06849,20371.87063,4067.536004,62368.47512,62947.73414,15374.26396,0.055654635,276244.09,55767.09712,58986.90734,11413.43716,0.041316494
44,EVENES KRAFTFORSYNING AS,147,2016,1472016,10786.01479,328.7700461,0,9672,263,0,280,0,0,19769.74,735.28,0,2311,122,0,25,0,0,0,0,1812,320,0,0.24445,14458.91975,553.9756985,0,15012.89545,15621.38046,597.2101625,0,16218.59062,16219,11915.95224,9088.819821,687.3286223,9088.819821,772.6246223,0,9861.444443,12404.30292,-2608.592533,-0.127217264,20505.02,9371.437986,12110.29904,-2902.596407,-0.141555405
45,OPPDAL EVERK AS,149,2016,1492016,17664.12391,0,0,17501,0,0,228,0,0,106328.76,0,0,6959,0,0,184,0,0,0,0,5895,0,0,0.2766,27393.9274,0,0,27393.9274,33646.05849,0,0,33646.05849,33646,19522.68091,31266.55871,0,31266.55871,0,0,31266.55871,32218.35862,4824.431225,0.045372778,106328.76,28725.63074,30693.80184,3299.874438,0.031034637
46,ORKDAL ENERGI AS,153,2016,1532016,14331.54333,0,0,14875,0,0,447,0,0,119305.24,0,0,8455,0,0,0,0,0,0,0,10470,0,0,0.2766,26823.1501,0,0,26823.1501,33838.29821,0,0,33838.29821,33838,17674.54533,33561.74078,0,33561.74078,0,0,33561.74078,33672.36375,6849.213658,0.05740916,119305.24,30710.71513,31961.74836,5138.598267,0.043071019
47,PORSA KRAFTLAG AS,156,2016,1562016,0,185.8959596,0,0,188,0,0,0,0,0,1145.34,0,0,251,0,0,0,0,0,0,0,0,0,0.24445,0,447.0225877,0,447.0225877,0,514.3685797,0,514.3685797,514,185.8959596,0,566.6832241,0,566.6832241,0,566.6832241,545.7573664,98.73477864,0.08620565,1145.34,539.3131462,529.3353196,82.31273186,0.071867508
48,RAKKESTAD ENERGI AS,157,2016,1572016,13879.59476,0,0,13846,0,0,1000,0,0,80424.28,0,0,5981,0,0,0,0,0,0,0,7690,0,1118.74,0.2597,23706.99167,0,0,23706.99167,28435.93933,0,0,28435.93933,28436,16876.68776,23824.46876,0,24988.56308,0,0,24988.56308,26367.51358,2660.521913,0.033081078,80424.28,23066.67193,25214.37889,1507.387221,0.018742937
49,RAULAND KRAFTFORSYNINGSLAG SA,161,2016,1612016,12955.11566,992.9009929,0,13124,1001,0,1210,197,0,44613.72,9408.15,0,2697,530,0,0,0,0,0,0,6098,2433,65.8,0.24785,19242.31776,2430.491621,0,21672.80938,21865.60449,2983.690841,0,24849.29533,24849,17469.425,19641.82699,2171.024612,19710.29456,2819.540762,0,22529.83532,23457.61933,1784.809949,0.033038655,54021.87,21238.87998,22683.04612,1010.236743,0.018700514
50,RAUMA ENERGI AS,162,2016,1622016,23793.94883,264.0664867,0,24893,276,0,1890,0,0,112020.11,4312.7,0,6623,231,0,0,0,0,0,0,12926,171,0,0.2766,37125.16417,555.0314815,0,37680.19565,43711.94664,808.6182415,0,44520.56488,44521,29570.64552,36310.86349,968.5668914,36310.86349,1014.146941,0,37325.01043,40203.23221,2523.036561,0.021688091,116332.81,34545.01665,38535.23594,855.0402917,0.00734995
51,KVIKNE-RENNEBU KRAFTLAG SA,163,2016,1632016,15289.02427,0,0,14678,0,0,571,0,0,76073.2,0,0,5687,0,0,0,0,0,0,0,5843,0,18.9,0.2766,23960.4897,0,0,23960.4897,28433.59386,0,0,28433.59386,28434,17476.19807,23527.11566,0,23546.78188,0,0,23546.78188,25501.50667,1541.016972,0.020257028,76073.2,21728.86806,24410.75838,450.2686801,0.005918887
52,REPVèG KRAFTLAG SA,164,2016,1642016,28863.07156,3623.179181,0,28933,3743,0,1776,312,0,134977.41,37514.43,0,9459,2223,0,713,109,0,0,0,7023,7046,0,0.24445,43614.35961,8246.310758,0,51860.67037,51551.03132,10452.15924,0,62003.19056,62003,38013.41779,43536.41652,10592.92449,43536.41652,12471.03579,0,56007.45231,58405.74761,6545.077241,0.037944272,172491.84,51885.43168,55932.53523,4071.864863,0.02360613
53,HYDRO ENERGI AS,167,2016,1672016,133,0,0,133,0,0,8,0,0,11231.2,0,0,440,0,0,0,0,0,0,0,565,0,0,0.247563172,739.1702105,0,0,739.1702105,1399.564771,0,0,1399.564771,1400,280.8731921,1341.858128,0,1341.858128,0,0,1341.858128,1364.940785,625.7705743,0.055717161,11231.2,1073.46724,1203.906252,464.7360416,0.041379019
54,ROLLAG ELEKTRISITETSVERK SA,168,2016,1682016,7807.367152,0,0,7885,0,0,287,0,0,24835.9,0,0,1615,0,0,0,0,0,0,0,2946,0,0,0.2597,10931.56263,0,0,10931.56263,12391.91355,0,0,12391.91355,12392,8859.443352,11820.02297,0,11820.02297,0,0,11820.02297,12048.7792,1117.216569,0.044983937,24835.9,11226.52189,11692.67856,761.1159246,0.030645796
55,RùROS ELEKTRISITETSVERK AS,173,2016,1732016,18439.29497,832.5592179,0,18943,825,0,617,433,0,60298.01,2491.67,0,5329,236,0,0,0,0,0,0,7455,1037,361.94,0.2766,27401.91395,1840.879042,0,29242.79299,30947.43694,1987.389238,0,32934.82618,32935,22670.74139,27579.95449,1770.783186,27956.56774,2047.195536,0,30003.76327,31176.18843,1933.39544,0.030791612,62789.68,28503.28443,30275.90113,1033.108135,0.01645347
56,SANDùY ENERGI AS,181,2016,1812016,5563.319052,0,0,6529,0,0,21,0,0,22476.54,0,0,1441,0,0,1068,0,0,0,0,1023,0,0,0.2766,7601.911235,0,0,7601.911235,8923.531787,0,0,8923.531787,8924,5867.280852,12695.26226,0,12695.26226,0,0,12695.26226,11186.57007,3584.658836,0.15948446,22476.54,12158.14258,10864.29827,3262.38703,0.145146318
57,HJARTDAL ELVERK AS,183,2016,1832016,10337.6993,0,0,10767,0,0,735,0,0,46126.7,0,0,3207,0,0,214,0,0,0,0,3324,0,0,0.24785,15758.65195,0,0,15758.65195,18470.90191,0,0,18470.90191,18471,11896.5527,15623.11707,0,15623.11707,0,0,15623.11707,16762.23101,1003.579057,0.02175701,46126.7,14520.83183,16100.85986,342.2079139,0.007418868
58,SELBU ENERGIVERK AS,184,2016,1842016,21520.97323,1317.757126,0,21754,1342,0,282,0,0,70649.5,22972.45,0,4572,1041,0,0,0,0,0,0,4173,2174,394.85,0.2766,28671.06755,3010.021261,0,31681.08881,32825.25815,4360.801321,0,37186.05947,37186,24876.31056,21674.55832,3844.540329,22085.41576,4424.020029,0,26509.43579,30780.08526,-901.00355,-0.009623849,93621.95,24272.1612,29437.72051,-2243.368299,-0.023961991
59,SIRA KVINA KRAFTSELSKAP,187,2016,1872016,1238.511385,0,3131.328895,1502,0,3629,0,0,0,45637.86,0,2739.12,1721,0,1601,0,0,0,0,0,858,0,0,0.24785,3255.678832,0,4902.907123,8158.585955,5939.185,0,5063.967379,11003.15238,11003,4582.495581,5939.185,0,5939.185,0,5063.967379,11003.15238,11003.15238,2844.566424,0.0588,48376.98,9847.092419,10309.5164,2150.930448,0.044461859
60,SKJèK ENERGI KF,194,2016,1942016,13264.57546,0,0,13730,0,0,186,0,0,30514.12,0,0,2767,0,0,21,0,0,0,0,2131,0,98.71,0.2766,17515.71793,0,0,17515.71793,19309.94818,0,0,19309.94818,19310,14040.01006,14390.44236,0,14493.15411,0,0,14493.15411,16419.87174,-1095.846186,-0.035912757,30514.12,13763.96117,15982.35598,-1533.361951,-0.050250899
61,SKèNEVIK ùLEN KRAFTLAG SA,196,2016,1962016,14507.17241,0,0,15627,0,0,814,0,0,114314.83,0,0,6579,0,0,0,0,0,0,0,7860,0,0,0.24785,24818.5294,0,0,24818.5294,31540.2414,0,0,31540.2414,31540,17269.27341,25500.34922,0,25500.34922,0,0,25500.34922,27916.30609,3097.776695,0.027098642,114314.83,22768.57891,26277.2439,1458.714508,0.012760501
62,SOGNEKRAFT AS,197,2016,1972016,28796.16064,5845.813196,0,28181,4158,0,2224,476,0,206501.57,51047.42,0,10983,2879,0,990,499,0,0,0,12645,8419,0,0.24669,47032.51,11782.64391,0,58815.15391,59174.80231,14784.23221,0,73959.03452,73959,42538.25199,59189.99777,11309.75127,59189.99777,13553.83572,0,72743.83349,73229.9139,14414.75999,0.055969002,257548.99,66589.21047,69537.14009,10721.98618,0.041630861
63,STRANDA ENERGI AS,204,2016,2042016,15931.66196,438.9528,0,16738,426,0,386,0,0,74731.92,5886.28,0,3910,279,0,143,0,0,0,0,12792,0,0,0.2766,24520.89084,741.8646257,0,25262.75547,28915.12774,1087.97789,0,30003.10563,30003,20294.88196,25783.9061,746.357683,25783.9061,746.357683,0,26530.26378,27919.40052,2656.645053,0.032953416,80618.2,24603.73854,26763.48538,1500.729909,0.018615274
64,STRYN ENERGI AS,205,2016,2052016,19991.30099,0,0,23201,0,0,1246,0,0,99441.57,0,0,6795,0,0,2207,0,0,0,0,9386,0,197.42,0.2766,31673.67309,0,0,31673.67309,37520.8374,0,0,37520.8374,37521,23833.46859,31269.70048,0,31475.12399,0,0,31475.12399,33893.40936,2219.736267,0.022322015,99441.57,29098.77852,32467.60207,793.9289834,0.007983874
65,SULDAL ELVERK KF,206,2016,2062016,20826.74651,1099.062144,0,20499,1001,0,1410,0,0,90737.39,9053.64,0,6317,685,0,63,0,0,0,0,6193,1548,0,0.24785,31396.18376,2256.552633,0,33652.7364,36731.54229,2788.906665,0,39520.44896,39520,25254.41551,32577.01714,3019.586788,32577.01714,3432.206188,0,36009.22332,37413.71358,3760.977183,0.03768853,99791.03,33624.52684,35982.89569,2330.159293,0.023350388
66,SYKKYLVEN ENERGI AS,213,2016,2132016,11775.49833,0,0,12564,0,0,1173,0,0,65592.43,0,0,6103,0,0,397,0,0,0,0,7424,0,460.65,0.2766,21719.38642,0,0,21719.38642,25576.22131,0,0,25576.22131,25576,15001.97673,24275.35903,0,24754.68403,0,0,24754.68403,25083.29894,3363.912516,0.051285072,65592.43,23187.22814,24142.82541,2423.438986,0.036946931
67,SùR AURDAL ENERGI AS,214,2016,2142016,14260.29597,0,0,13873,0,0,387,0,0,101595.9,0,0,4831,0,0,4,0,0,0,0,4579,0,98.71,0.2597,21491.34307,0,0,21491.34307,27465.18199,0,0,27465.18199,27465,15836.46227,24964.5861,0,25067.29786,0,0,25067.29786,26026.45151,4535.10844,0.044638695,101595.9,22639.47058,24569.75514,3078.412069,0.030300554
68,TRùNDERENERGI NETT AS,215,2016,2152016,226015.0976,66063.3849,0,226477,66323,0,18165,7180,0,1460414.55,553970.86,0,85517,27657,0,11604,1030,0,0,2983,162066,97095,0,0.2766,385944.3153,133816.4199,0,519760.7352,471816.6908,166389.9065,0,638206.5973,635224,392090.4151,505612.4142,145177.4545,505612.4142,174203.6248,0,679816.039,663172.2623,143411.5272,0.071193688,2014385.41,631678.4679,634289.7196,114528.9845,0.056855547
69,TINFOS AS,222,2016,2222016,403.2,0,0,967,0,0,0,0,0,2753.26,2185.64,0,175,241,0,475,0,0,0,0,279,972,0,0.24785,674.5316523,500.0866,0,1174.618252,836.4233403,628.602232,0,1465.025572,1465,713.26035,940.8303568,404.1809823,940.8303568,663.2675823,0,1604.097939,1548.468992,373.8507401,0.075695143,4938.9,1486.073529,1477.654346,303.0360939,0.061357001
70,TINN ENERGI AS,223,2016,2232016,24174.47684,0,0,24924,0,0,1399,0,0,162687.77,0,0,10385,0,0,57,0,0,0,0,17833,0,530.64,0.24785,42085.47678,0,0,42085.47678,51651.51766,0,0,51651.51766,51652,29993.38589,42002.94251,0,42555.09494,0,0,42555.09494,46193.66403,4108.187244,0.025251973,162687.77,38667.36121,43861.02379,1775.547008,0.010913832
71,TROMS KRAFT NETT AS,227,2016,2272016,167327.6353,28184.63168,6111.516327,176481,30577,6244,22860,3014,0,1398824.75,475697.88,68754.74,83336,22048,4795,3059,0,0,0,1485,87933,73967,0,0.24445,307004.0573,76185.96924,11239.4394,394429.466,389254.9526,104157.0046,15282.21811,508694.1753,507209,268559.2383,385097.446,79644.9233,385097.446,100926.7221,15282.21811,501306.3862,504261.5019,109832.0359,0.05651897,1943277.37,454868.0769,476398.5163,81969.05032,0.042180829
72,TRùGSTAD ELVERK AS,231,2016,2312016,8706.704379,0,0,8677,0,0,175,0,0,45332.84,0,0,2964,0,0,0,0,0,0,0,7011,0,263.23,0.2597,14195.8762,0,0,14195.8762,16861.4472,0,0,16861.4472,16861,10702.46108,18884.05198,0,19157.95346,0,0,19157.95346,18239.35096,4043.474752,0.089195267,45332.84,18074.63902,17589.36229,3393.486086,0.074857125
73,TYSNES KRAFTLAG SA,234,2016,2342016,17808.33371,0,0,18043,0,0,565,0,0,79009.27,0,0,4378,0,0,0,0,0,0,0,3608,0,65.8,0.24785,24706.05529,0,0,24706.05529,29351.80037,0,0,29351.80037,29352,19267.57651,22850.92423,0,22919.3918,0,0,22919.3918,25492.35523,786.2999363,0.009951996,79009.27,21031.315,24359.50915,-346.5461423,-0.004386145
74,HARDANGER ENERGI AS,238,2016,2382016,29606.1716,255.0429685,0,31163,276,0,1742,86,0,108933.55,17953.76,0,7445,611,0,92,0,0,0,0,14100,1567,493.56,0.24669,44234.93578,1387.106696,0,45622.04247,50640.22852,2442.787784,0,53083.0163,53083,35554.1068,49003.79907,1472.699697,49517.36826,1890.383547,0,51407.7518,52077.8576,6455.81513,0.050878336,126887.31,48375.53817,50258.52942,4636.486948,0.036540194
75,UVDAL KRAFTFORSYNING SA,242,2016,2422016,8055.935951,0,0,8460,0,0,60,0,0,35979.23,0,0,2162,0,0,32,0,0,0,0,2346,0,0,0.24785,11344.53944,0,0,11344.53944,13460.11817,0,0,13460.11817,13460,8697.392051,9862.708323,0,9862.708323,0,0,9862.708323,11301.67226,-42.86718301,-0.001191442,35979.23,9002.916182,10785.79698,-558.7424672,-0.015529584
76,VANG ENERGIVERK KF,248,2016,2482016,9925.447249,0,0,10935,0,0,682,0,0,49605.14,0,0,3606,0,0,892,0,0,0,0,3662,0,0,0.2597,15757.88784,0,0,15757.88784,18674.67007,0,0,18674.67007,18675,11558.46865,16115.30078,0,16115.30078,0,0,16115.30078,17139.0485,1381.160659,0.027843096,49605.14,14929.8916,16427.80299,669.9151515,0.013504954
77,VARANGER KRAFTNETT AS,249,2016,2492016,62801.88574,13460.60845,0,66266,15859,0,7990,1971,0,459196.5,365466.48,0,21299,14154,0,0,0,0,0,223,27558,15339,0,0.24445,103181.504,34722.53488,0,137904.0388,130182.2582,56211.96391,0,186394.2221,186171,96932.66584,106155.4577,36085.49872,106155.4577,40409.25703,0,146564.7147,162496.5176,24592.47879,0.029821247,824662.98,126857.8241,150672.3833,12768.34445,0.015483106
78,VEST-TELEMARK KRAFTLAG AS,251,2016,2512016,47600.95601,4749.149024,0,47524,4773,0,4237,1072,0,302337.44,65436.89,0,11309,2961,0,0,0,0,0,0,18719,17963,0,0.24785,70901.32392,13872.35464,0,84773.67856,88678.76539,17720.04377,0,106398.8092,106399,66750.73874,93690.96547,10141.95844,93690.96547,14929.99609,0,108620.9616,107732.1006,22958.42204,0.062425298,367774.33,99832.29436,102458.9003,17685.22172,0.048087156
79,DALANE NETT AS,257,2016,2572016,50900.35301,8907.85292,0,52143,9179,0,3202,247,0,329629.66,72738.18,0,21119,3516,0,11,0,0,0,0,19137,3377,0,0.24785,83224.91304,14066.25847,0,97291.17151,102607.1371,18343.26346,0,120950.4005,120950,68837.30083,80334.24426,11324.82619,80334.24426,12224.96554,0,92559.20979,103915.6861,6624.514563,0.016463827,402367.84,82943.86487,98146.47913,855.307612,0.002125686
80,ùVRE EIKER NETT AS,264,2016,2642016,20348.72211,0,0,20592,0,0,721,0,0,139164.87,0,0,11879,0,0,0,0,0,0,0,16450,0,0,0.2597,38471.19004,0,0,38471.19004,46654.08439,0,0,46654.08439,46654,25341.78711,48110.87723,0,48110.87723,0,0,48110.87723,47528.1601,9056.97006,0.065080865,139164.87,44785.26794,45532.79452,7061.604487,0.050742723
81,èRDAL ENERGI KF,267,2016,2672016,13060.10006,0,0,13572,0,0,238,0,0,62418,0,0,4099,0,0,0,0,0,0,0,6231,0,0,0.24669,19779.0669,0,0,19779.0669,23449.2453,0,0,23449.2453,23449,14835.22545,20770.07569,0,20770.07569,0,0,20770.07569,21841.74353,2062.676637,0.033046183,62418,19278.47885,20946.78543,1167.718532,0.018708041
82,SFE NETT AS,269,2016,2692016,126435.8123,20979.49076,13856.75106,115243,19535,12994,13315,1578,738,700667.3,310185.14,289001.4,38898,12918,11586,576,0,0,0,1233,33736,24429,2500.71,0.268997092,195068.4944,44494.03263,26965.51245,266528.0395,236267.7316,62732.91886,43958.79477,342959.4453,341726,193782.27,180300.0772,46617.39954,182902.1673,54429.11681,43958.79477,281290.0789,305957.8254,39429.78596,0.030334015,1299853.84,250227.5988,287320.3374,20792.29791,0.015995874
83,DRIVA KRAFTVERK,271,2016,2712016,0,267.7970537,0,0,267,0,0,0,0,0,499.95,0,0,23,0,0,0,0,0,0,0,4884,0,0.2766,0,1607.21542,0,1607.21542,0,1636.61248,0,1636.61248,1637,1618.711454,0,1057.60374,0,2359.43394,0,2359.43394,2070.305356,463.0899359,0.926272499,499.95,2347.486684,2063.137002,455.9215821,0.911934358
84,SVORKA ENERGI AS,274,2016,2742016,31872.05444,1349.74298,0,33279,1493,0,2157,0,0,190124.42,10522.18,0,10750,1226,0,0,0,0,0,0,13131,2767,658.08,0.2766,50102.78931,3386.813685,0,53489.60299,61282.1052,4005.517869,0,65287.62307,65288,39776.18422,50873.01449,2963.216319,51557.77341,3700.760169,0,55258.53358,59270.16937,5780.566385,0.02880969,200646.6,50463.7014,56393.27007,2903.667079,0.014471549
85,HALLINGDAL KRAFTNETT AS,275,2016,2752016,59388.19819,6829.728858,0,64423,7048,0,4690,0,0,236259.2,59848.56,0,19817,3805,0,0,0,0,0,0,37500,3200,0,0.24669,97316.11309,11859.73634,0,109175.8494,111208.1541,15378.83167,0,126586.9857,126587,80948.21005,113379.6561,11424.85164,113379.6561,12277.81164,0,125657.4677,126029.2749,16853.42549,0.056916528,296107.76,118581.4095,121783.64,12607.79058,0.042578386
86,USTEKVEIKJA KRAFTVERK DA,287,2016,2872016,0,0,0,0,0,0,0,0,0,0,274.72,0,0,273,0,0,0,0,0,0,0,0,0,0.2597,0,273,0,273,0,289.153536,0,289.153536,289,0,0,323.4855121,0,323.4855121,0,323.4855121,309.7527217,36.75272166,0.133782475,274.72,316.9205551,305.8137475,32.81374748,0.119444334
87,KRAFTVERKENE I ORKLA DA,288,2016,2882016,0,411.9475636,0,0,385,0,0,0,0,0,13470.37,0,0,4131,0,0,0,0,0,0,0,9744,0,0.2766,0,7162.651487,0,7162.651487,0,7954.709243,0,7954.709243,7955,3107.137964,0,8207.346158,0,10804.60936,0,10804.60936,9664.649312,2501.997825,0.185740839,13470.37,10482.70924,9471.509243,2308.857756,0.171402698
88,HYDRO ALUMINIUM AS,294,2016,2942016,2582,0,0,2626,0,0,3402,0,0,95549.03,0,0,8952,0,0,0,0,0,0,0,4931,0,0,0.264893129,16528.93067,0,0,16528.93067,22147.21363,0,0,22147.21363,22147,7290.18802,22147.21363,0,22147.21363,0,0,22147.21363,22147.21363,5618.282964,0.0588,95549.03,19863.8878,20777.21813,4248.287469,0.044461859
89,GUDBRANDSDAL ENERGI NETT AS,295,2016,2952016,49648.30617,3727.852434,0,55033,3823,0,5625,415,0,257927.74,39439.49,0,9741,2155,0,5280,0,0,0,0,21127,11627,0,0.2597,73578.32555,9616.927282,0,83195.25283,88744.47666,11935.96929,0,100680.446,100680,67922.3724,91485.52546,11090.72845,91485.52546,14189.9053,0,105675.4308,103677.4368,20482.18401,0.068878417,297367.23,98569.27515,99413.74347,16218.49064,0.054540275
90,VALDRES ENERGIVERK AS,306,2016,3062016,31619.40528,0,0,34564,0,0,1284,0,0,226070.32,0,0,13287,0,0,0,0,0,0,0,17683,0,65.8,0.2597,52678.32085,0,0,52678.32085,65971.25567,0,0,65971.25567,65971,37495.68038,63893.89922,0,63962.36679,0,0,63962.36679,64765.92234,12087.60148,0.053468326,226070.32,58559.98646,61524.49414,8846.173289,0.039130184
91,NORDMùRE ENERGIVERK AS,311,2016,3112016,75704.9868,21098.69496,0,80006,21824,0,2784,907,0,443265.77,336387.57,0,33174,14940,0,382,0,0,0,0,37875,19804,131.61,0.2766,125995.44,43410.56668,0,169406.0067,152059.4673,63190.1558,0,215249.6231,215250,116448.6932,130225.1366,59291.74978,130362.0821,64570.50598,0,194932.5881,203059.4021,33653.39542,0.043164563,779653.34,176301.2885,191880.6223,22474.61565,0.028826421
92,HEMSEDAL ENERGI KF,343,2016,3432016,10170.24492,2614.34048,0,10167,2626,0,958,0,0,81957.46,23719.85,0,7605,1252,0,0,0,0,0,0,4456,440,0,0.2597,20513.85069,4126.037915,0,24639.8886,25332.94933,5520.765095,0,30853.71443,30854,15014.0766,23814.44629,5709.273295,23814.44629,5826.555295,0,29641.00159,30126.08672,5486.198123,0.051914627,105677.31,27115.64124,28610.87052,3970.981918,0.037576486
93,NOTODDEN ENERGI NETT AS,349,2016,3492016,34359.96252,11.85900598,0,31514,0,0,651,0,0,181577.8,7291.19,0,10683,419,0,103,0,0,0,0,10300,3400,0,0.24785,50337.56834,1337.775022,0,51675.34337,61014.34298,1766.496994,0,62780.83998,62781,38418.36653,45999.24398,1041.4771,45999.24398,1947.7471,0,47946.99108,53880.53064,2205.187271,0.011675751,188868.99,43433.60729,51172.50037,-502.8429983,-0.00266239
94,LOFOTKRAFT AS,354,2016,3542016,69202.26602,4162.295285,0,73823,4033,0,4981,698,0,659588.58,221480.88,0,30924,14120,0,1905,0,0,0,0,20808,16471,0,0.24445,114625.3441,23625.67745,0,138251.0216,153409.1526,36648.7532,0,190057.9058,190058,88156.41286,137911.7594,23742.10805,137911.7594,28132.4531,0,166044.2125,175649.6898,37398.66825,0.042446901,881069.46,144989.3818,163016.7914,24765.76983,0.02810876
95,NORE ENERGI AS,373,2016,3732016,9572.12473,0,0,9913,0,0,142,0,0,43594.63,0,0,2427,0,0,0,0,0,0,0,2288,0,0,0.2597,13278.18659,0,0,13278.18659,15841.55083,0,0,15841.55083,15842,10308.31833,14582.1967,0,14582.1967,0,0,14582.1967,15085.93835,1807.751763,0.041467304,43594.63,13540.42009,14460.87239,1182.685798,0.027129162
96,AURLAND ENERGIVERK AS,418,2016,4182016,10662.7763,0,0,11034,0,0,996,0,0,44396.57,0,0,3453,0,0,270,0,0,0,0,3396,0,164.52,0.24669,16638.21011,0,0,16638.21011,19248.72842,0,0,19248.72842,19249,12496.53554,16880.98801,0,17052.17774,0,0,17052.17774,17930.79801,1292.587905,0.029114589,44396.57,15991.23725,17294.23372,656.0236099,0.014776448
97,HèLOGALAND KRAFT NETT AS,433,2016,4332016,56501.76075,11680.04436,110.4721317,51505,12159,61,4143,749,0,323173.74,135057.2,2412.89,28605,5773,234,0,0,0,0,869,32162,5676,0,0.24445,101068.4182,21297.95256,350.4900689,122716.8609,120071.0341,29239.31592,492.3680009,149802.7181,148934,83302.77634,114883.6977,20247.95004,114883.6977,22677.22636,492.3680009,138053.2921,142753.0625,20036.20162,0.043496082,460643.83,127045.3315,136148.2861,13431.42529,0.02915794
98,E-CO ENERGI AS,447,2016,4472016,0,2218.534188,17338.83819,0,2276,18159,0,0,0,0,26113.55,95718.71,0,1714,11057,0,0,0,0,0,0,1946,0,0.2597,0,4572.09449,29340.36634,33912.46083,0,6107.57123,34968.62648,41076.19772,41076,20062.74857,0,5744.212414,0,6262.918714,34968.62648,41231.5452,41169.40621,7256.945378,0.059565056,121832.26,38320.1316,39422.55804,5510.097218,0.045226915
99,MùRENETT AS,460,2016,4602016,148868.1215,42127.78105,-2.57643568,147082,42025,-20,13471,4219,0,974485.37,676360.64,5167.16,67975,27826,975,950,0,0,0,736,97110,63504,0,0.2766,264854.4611,94341.80476,972.2832137,360168.549,322154.2008,134111.8104,1276.112222,457542.1234,456806,253845.1585,295477.3386,116358.8743,295477.3386,134061.9589,1276.112222,430815.4097,441506.0952,81337.54617,0.049116485,1656013.17,391241.825,417761.9443,57593.39532,0.034778344
100,VESTERèLSKRAFT NETT AS,464,2016,4642016,52541.04474,4532.0481,0,53957,4872,0,2594,473,0,173994.72,62293.77,0,15692,2642,0,0,0,0,0,0,14963,8900,0,0.24445,77782.75263,10285.40077,0,88068.15341,88013.64217,13948.27445,0,101961.9166,101962,65973.40319,70601.62866,8915.796927,70601.62866,11288.09193,0,81889.72059,89918.599,1850.445593,0.007831298,236288.49,76243.15765,86530.66124,-1537.492169,-0.006506843
101,TRùNDERENERGI KRAFT AS,484,2016,4842016,0,297.640837,0,0,247,0,0,0,0,0,51253.46,0,0,2875,0,0,0,0,0,0,0,8293,0,0.2766,0,5399.353885,0,5399.353885,0,8413.057333,0,8413.057333,8413,2591.484637,0,8513.762992,0,10724.26214,0,10724.26214,9799.780218,4400.426334,0.085856181,51253.46,9499.463221,9064.900866,3665.546981,0.07151804
102,HAUGALAND KRAFT NETT AS,503,2016,5032016,139957.3225,54631.5031,12674.41217,119780,50761,11269,10345,3150,0,1051113.06,511946.78,120321.3,55017,30530,14436,2777,694,0,0,1492,89966,49559,0,0.24785,237343.286,106198.4687,27800.84707,371342.6018,299148.734,136300.9394,34875.73951,470325.4128,468833,256831.509,306402.8748,103010.9015,306402.8748,117794.1292,34875.73951,459072.7435,463573.8112,92231.20944,0.054789261,1683381.14,418845.1491,439437.2546,68094.65277,0.04045112
103,LYSE ELNETT AS,511,2016,5112016,226984.4406,98488.79223,-12.30429742,240395,103199,0,14453,1835,0,2391132.58,676606.07,15441.89,137080,49739,1252,18116,3923,0,0,864,171972,77908,19491.03,0.24785,437307.4208,177179.7759,1239.02543,615726.2221,577906.0165,216964.2128,2147.008562,797017.2379,796153,404545.6866,568516.261,204401.2921,588797.4679,226078.7356,2147.008562,817023.2121,809020.8224,193294.6003,0.062693247,3083180.54,743344.7483,764813.7441,149087.522,0.048355106
104,LYSE PRODUKSJON AS,512,2016,5122016,661,950,0,661,950,0,0,0,0,8694.08,2647.21,0,569,515,0,0,0,0,0,0,0,0,0,0.24785,1266.007782,1516.750973,0,2782.758755,1777.219686,1672.406921,0,3449.626607,3450,1611,1715.814301,1850.246849,1715.814301,1850.246849,0,3566.06115,3519.487333,736.7285778,0.064959857,11341.29,3295.039452,3356.874314,574.115559,0.050621716
105,VOKKS NETT AS,542,2016,5422016,44749.21424,300.4929631,0,47486,336,0,3202,0,0,233032.25,613.07,0,14291,102,0,538,0,0,0,0,22475,0,921.31,0.2597,70800.43669,418.8622296,0,71219.29892,84502.73299,454.9107456,0,84957.64373,84958,54088.4647,72159.92405,454.9107456,73118.58446,454.9107456,0,73573.4952,78127.15461,6907.855697,0.029565564,233645.32,67990.09584,74777.115,3557.816081,0.015227423
106,BKK NETT AS,566,2016,5662016,401161.5281,99212.1626,-1023.406732,432344,100854,0,50174,5117,0,2794818.47,2504555.58,0,186743,69456,0,27962,0,0,0,1532,246869,126834,28593.73,0.24669,727768.6983,214820.2201,-1079.156515,941509.7619,892104.0244,362088.0882,-1079.156515,1253112.956,1251581,648362.0771,810817.9817,365675.2749,840570.9169,401098.3328,-1079.156515,1240590.093,1245599.238,304089.4765,0.05738215,5299374.05,1113951.47,1169616.064,228106.3024,0.043044009
107,EIDSIVA NETT AS,574,2016,5742016,288073.0193,66644.12577,1586,311041,73290,1586,37717,11964,0,3318441.86,779081.68,2996.67,146784,36635,332,2911,0,0,0,1872,180863,221041,0,0.2597,538004.8131,180251.0273,2004.396887,720260.2373,733129.1945,226061.0301,2180.601083,961370.8257,959499,512230.6138,824870.8387,194466.3611,824870.8387,255358.8163,2180.601083,1082410.256,1033994.484,313734.2466,0.07651084,4100520.21,984420.5256,975200.6456,254940.4083,0.062172699
108,FLESBERG ELEKTRISITETSVERK AS,578,2016,5782016,14272.11982,0,0,14483,0,0,686,0,0,75081.38,0,0,4746,0,0,0,0,0,0,0,3212,0,32.9,0.2597,21365.55879,0,0,21365.55879,25780.34394,0,0,25780.34394,25780,15792.27622,21279.46849,0,21313.70227,0,0,21313.70227,23100.35894,1734.800145,0.023105597,75081.38,19519.48988,22023.8315,658.2727087,0.008767456
109,MIDTKRAFT AS,591,2016,5912016,30372.00103,2523.609622,0,33662,2647,0,1317,0,0,226622.79,49005.2,0,15803,2224,0,426,0,0,0,0,18564,1379,0,0.2597,54148.13301,5252.65497,0,59400.78798,67473.55306,8134.16073,0,75607.71379,75608,39391.80775,67050.02598,5930.07163,67050.02598,6297.64408,0,73347.67006,74251.68755,14850.89957,0.05388023,275627.99,66761.01494,70299.69448,10898.9065,0.039542089
110,NESSET KRAFT AS,593,2016,5932016,13206.2083,0,0,14427,0,0,360,0,0,33558.26,0,0,2567,0,0,495,0,0,0,0,3446,0,0,0.2766,17785.73853,0,0,17785.73853,19758.96422,0,0,19758.96422,19759,14519.3719,17063.63946,0,17063.63946,0,0,17063.63946,18141.76936,356.0308313,0.010609335,33558.26,16261.701,17660.60629,-125.132243,-0.003728806
111,SUNNDAL ENERGI KF,599,2016,5992016,17737.29147,0,0,18181,0,0,441,0,0,80592.95,0,0,6910,0,0,0,0,0,0,0,7040,0,427.75,0.2766,27948.91563,0,0,27948.91563,32687.78109,0,0,32687.78109,32688,20125.55547,28338.63514,0,28783.72636,0,0,28783.72636,30345.34825,2396.432621,0.029735016,80592.95,26857.80451,29189.79514,1240.879514,0.015396874
112,SKAGERAK NETT AS,611,2016,6112016,296430.9123,125497.2744,0,292570,123283,0,36375,3249,0,2326752.15,1154500.7,0,185921,76516,0,7974,446,0,0,1057,240373,146596,0,0.24785,600420.9851,252420.1615,0,852841.1466,737234.0115,320304.8027,0,1057538.814,1056482,558519.4533,796720.9303,248164.1714,796720.9303,288353.915,0,1085074.845,1074060.433,221219.2863,0.063545883,3481252.85,1001883.686,1024145.738,171304.5909,0.049207742
113,NORDVEST NETT AS,613,2016,6132016,28095.74341,0,0,29824,0,0,3322,0,0,216655.1,0,0,14478,0,0,0,0,0,0,0,25606,0,0,0.2766,54386.20581,0,0,54386.20581,67125.52569,0,0,67125.52569,67126,38500.36301,76383.43789,0,76383.43789,0,0,76383.43789,72680.27301,18294.0672,0.084438664,216655.1,71206.05216,69573.84157,15187.63576,0.070100523
114,GLITRE ENERGI NETT AS,615,2016,6152016,152848.94,42761.67968,0,129893,41455,0,10874,2430,0,896761.83,649176.49,0,66233,26641,0,4725,3424,0,0,1163,145319,107889,0,0.259628866,277457.9587,104244.7902,0,381702.749,330187.5543,142416.3679,0,472603.9222,471441,275817.7257,349514.78,142445.7387,349514.78,172429.9057,0,521944.6857,502208.3803,120505.6313,0.077949831,1545938.32,485001.5488,480042.4982,98339.7492,0.06361169
115,AGDER ENERGI NETT AS,624,2016,6242016,306331.5928,83700.62448,40,291279,79478,40,53713,4306,0,2920390.76,1361505.25,3086.56,155265,64200,372,6782,1635,0,0,1880,244797,146166,0,0.24785,599425.1113,197883.7189,414.1789883,797723.0092,771144.088,277940.2276,595.6687163,1049679.984,1047800,546871.3968,784520.8274,190953.9621,784520.8274,231896.9219,595.6687163,1017013.418,1030080.044,232357.0353,0.0542259,4284982.57,914615.6086,968641.3589,170918.3497,0.039887758
116,VOSS ENERGI AS,625,2016,6252016,36093.08556,1842.032568,0,39502,1872,0,1576,0,0,222876.7,63715.85,0,15206,1878,0,2063,2,0,0,0,18165,7274,0,0.24669,59747.01851,5759.261455,0,65506.27996,72852.16847,9505.753435,0,82357.9219,82358,45786.66504,63289.52306,8402.444216,63289.52306,10341.32892,0,73630.85198,77121.67995,11615.39999,0.040529316,286592.55,66782.17784,73012.47546,7506.195504,0.026191175
117,NORDKRAFT NETT AS,637,2016,6372016,29392.01011,8724.546573,0,30896,9498,0,2363,834,0,160172.87,72544.26,0,8411,3008,0,1716,1124,0,0,0,21826,4857,0,0.24445,47680.64888,14370.25786,0,62050.90674,57098.81363,18635.86035,0,75734.67398,75735,47836.21603,50272.27019,14016.1002,50272.27019,15310.73355,0,65583.00374,69643.67184,7592.765099,0.032626584,232717.13,60021.78525,66306.94074,4256.034003,0.018288443
118,SVORKA PRODUKSJON AS,652,2016,6522016,344.7135466,0,0,334,0,0,0,0,0,3512.78,0,0,185,0,0,0,0,0,0,0,0,0,0,0.2766,548.4917165,0,0,548.4917165,755.0431805,0,0,755.0431805,755,344.7135466,755.0431805,0,755.0431805,0,0,755.0431805,755.0431805,206.551464,0.0588,3512.78,671.0986204,704.6764444,156.1847279,0.044461859
119,MIDT-TELEMARK ENERGI AS,659,2016,6592016,25981.62316,646.5532525,0,28570,663,0,845,1481,0,196672.25,6004.45,0,12583,710,0,125,0,0,0,0,18571,1266,789.7,0.24785,45809.3213,3270.266893,0,49079.5882,57373.6496,3623.328553,0,60996.97816,60997,33870.77686,57200.8226,2857.766237,58022.53747,3195.218537,0,61217.756,61129.44486,12049.85667,0.059453586,202676.7,56374.41073,58223.4377,9143.849502,0.045115445
120,STANGE ENERGI NETT AS,669,2016,6692016,31367.59293,782.8729641,0,34612,793,0,1899,0,0,325769.44,7729.53,0,17370,648,0,1956,0,0,0,0,8166,1183,1974.25,0.2597,54598.96719,1788.84839,0,56387.81558,73754.21026,2243.344754,0,75997.55502,75998,36477.4012,61129.74845,3091.011216,63184.03562,3406.339866,0,66590.37548,70353.2473,13965.43171,0.041875487,333498.97,58620.78321,65571.49194,9183.676353,0.027537345
121,HAFSLUND NETT AS,675,2016,6752016,932076.7736,240212.404,6207.398243,992351,258232,6123,64270,16941,0,5300417.38,3510016.64,6673.07,309864,157414,1328,17527,0,0,0,3429,1004786,340854,0,0.2597,1627416.633,522810.1294,7873.54445,2158100.306,1939081.175,729199.1078,8265.920966,2676546.203,2673117,1612599.284,2217899.175,754815.3532,2217899.175,849285.7807,8265.920966,3075450.877,2915889.008,757788.7011,0.085945276,8817107.09,2864749.331,2789468.08,631367.7736,0.071607135
122,STATKRAFT ENERGI AS,685,2016,6852016,0,0,0,0,0,0,0,0,0,0,4040,1580.65,0,172,392,0,0,0,0,0,0,1400,0,0.24445,0,545.17,392,937.17,0,782.722,484.94222,1267.66422,1268,342.23,0,0,0,373.17,484.94222,858.11222,1021.93302,84.76302,0.015080644,5620.65,723.7960967,941.343346,4.173346006,0.000742502
123,YARA NORGE AS,686,2016,6862016,10391.21753,459,0,10140,459,0,0,0,0,32321.01,178.77,0,1438,21,0,0,0,0,0,0,2387,0,0,0.24445,13031.53093,505.0038911,0,13536.53482,14932.00631,515.5155671,0,15447.52188,15448,11433.71968,15530.91061,805.879924,15530.91061,805.879924,0,16336.79054,15981.08307,2444.548257,0.075217379,32499.78,15560.14647,15515.09664,1978.561819,0.060879237
124,RINGERIKS-KRAFT NETT AS,693,2016,6932016,54732.75301,0,0,58173,0,0,4915,0,0,401577.01,0,0,21446,0,0,1182,0,0,0,0,31230,0,0,0.2597,92598.91701,0,0,92598.91701,116211.6452,0,0,116211.6452,116212,67758.18401,112945.6431,0,112945.6431,0,0,112945.6431,114252.0439,21653.12694,0.053920235,401577.01,103349.1966,108494.176,15895.25902,0.039582094
125,NTE NETT AS,699,2016,6992016,193271.7041,60496.83216,0,184836,59666,0,20951,7706,0,1478877.35,558235.08,0,91829,29304,0,5474,0,0,0,2146,98877,65671,0,0.274401881,343785.153,120882.2926,0,464667.4457,430743.1412,153706.5153,0,584449.6565,582304,329723.8171,484806.9628,93510.87376,484806.9628,113278.3815,0,598085.3443,592631.0692,127963.6235,0.062816181,2037112.43,549404.6678,563422.6633,98755.21765,0.04847804
126,NORDLANDSNETT AS,726,2016,7262016,103155.7902,33294.28396,0,104456,34222,0,5185,380,0,760383.55,299073.12,0,40853,11959,0,1786,604,0,0,668,60198,54898,0,0.24445,171069.1514,62799.83677,0,233868.9881,215779.7041,80385.33622,0,296165.0403,295497,170818.2913,224800.9442,67206.24503,224800.9442,82543.69604,0,307344.6402,302872.8003,69003.81214,0.065131321,1059456.67,282026.9078,287682.1608,53813.17269,0.050793179
127,MO INDUSTRIPARK AS,743,2016,7432016,11515.61737,11366.20918,0,11168,11168,0,0,0,0,43672.4,25881.25,0,3299,2323,0,0,0,0,0,0,5030,0,0,0.24445,16782.67376,14308.3801,0,31091.05386,19350.61088,15830.1976,0,35180.80848,35181,24111.41004,33693.93559,13872.85507,33693.93559,13872.85507,0,47566.79065,42612.39779,11521.34392,0.165646863,69553.65,45904.67388,41615.12772,10524.07386,0.151308722
128,Aktieselskabet Saudefaldene,753,2016,7532016,0,9483.248173,0,0,9703,0,0,0,0,0,48154.78,0,0,3932,0,0,0,0,0,0,0,17268,0,0.24785,0,18534.63075,0,18534.63075,0,21366.13181,0,21366.13181,21366,13763.12197,0,14521.05908,0,19123.84448,0,19123.84448,20020.75941,1486.128663,0.030861498,48154.78,17973.09441,19330.30937,795.6786219,0.016523357
129,HERùYA NETT AS,852,2016,8522016,29542.19152,12220.01959,0,27777,11662,0,0,0,0,10005.06,25782.27,0,1193,1103,0,0,0,0,0,0,5313,6656,0,0.24785,33760.67393,15762.85839,0,49523.53232,34348.97146,17278.85587,0,51627.82733,51628,44728.72776,38239.82427,15504.69907,38239.82427,17278.85587,0,55518.68014,53962.33901,4438.806689,0.12403291,35787.33,54663.47381,53449.21522,3925.682895,0.109694769
130,STATNETT ROGALAND AS,872,2016,8722016,0,0,23395.72473,0,0,23354,0,0,0,0,0,94919.8,0,0,9765,0,0,0,0,0,0,0,0,0.24785,0,0,34435.20001,34435.20001,0,0,40016.48425,40016.48425,40016,23395.72473,0,0,0,0,40016.48425,40016.48425,40016.48425,5581.28424,0.0588,94919.8,37748.19507,38655.51074,4220.310734,0.044461859
131,GASSCO AS,900,2016,9002016,0,0,1444,0,0,1444,0,0,0,0,0,8088.08,0,0,667,0,0,0,0,0,0,0,0,0.24785,0,0,2189.661479,2189.661479,0,0,2665.240583,2665.240583,2665,1444,0,0,0,0,2665.240583,2665.240583,2665.240583,475.579104,0.0588,8088.08,2471.960526,2549.272549,359.61107,0.044461859
